TIMESTAMP;carType;carBase;addressConnectable;addressConnectableRemote;addressConnectablePC;addressFrontLeft;addressFrontRight;addressLeft;addressMiddle;addressRight;addressTrunk;addressRearLeft;addressBack;addressRearRight;logNumber;rollAvElement;preAuthTimeout;actionTimeout;wantedSpeed;stepSize;
14:23:19:428;fourLMRT;Base_1;D4:F5:13:56:2A:B8;4D:96:06:62:15:4B;B0:B4:48:BD:56:85;24:71:89:1D:4E:4D;24:71:89:1D:4E:66;24:71:89:1D:4E:79;24:71:89:1D:4E:1A;24:71:89:1D:4E:3D;24:71:89:1D:4C:FC;24:71:89:1D:4E:6D;78:A5:04:81:5A:21;24:71:89:1D:4E:61;7;20;1.3;0.02;5.1;70;
TIMESTAMP;RSSI LEFT_ORIGIN;RSSI MIDDLE_ORIGIN;RSSI RIGHT_ORIGIN;RSSI TRUNK_ORIGIN;RSSI FRONTLEFT_ORIGIN;RSSI FRONTRIGHT_ORIGIN;RSSI REARLEFT_ORIGIN;RSSI REARRIGHT_ORIGIN;RSSI BACK_ORIGIN;LEFT_IS_ACTIVE;MIDDLE_IS_ACTIVE;RIGHT_IS_ACTIVE;TRUNK_IS_ACTIVE;FRONTLEFT_IS_ACTIVE;FRONTRIGHT_IS_ACTIVE;REARLEFT_IS_ACTIVE;REARRIGHT_IS_ACTIVE;BACK_IS_ACTIVE;IN POCKET;ARE LOCK ACTIONS AVAILABLE;IS LOCK;REARM LOCK;REARM UNLOCK;REARM WELCOME;WELCOME FLAG;LOCK FLAG;START FLAG;LEFT AREA FLAG;RIGHT AREA FLAG;BACK AREA FLAG;WALK AWAY FLAG;APPROACH FLAG;LEFT TURN FLAG;RIGHT TURN FLAG;APPROACHSIDE FLAG;APPROACHROAD FLAG;RECORD FLAG;PREDICTION;LOCK FROM TRX;LOCK TO SEND;START ALLOWED;IS THATCHAM;BLE CHANNEL LEFT;BLE CHANNEL MIDDLE;BLE CHANNEL RIGHT;BLE CHANNEL TRUNK;BLE CHANNEL FRONTLEFT;BLE CHANNEL FRONTRIGHT;BLE CHANNEL REARLEFT;BLE CHANNEL REARRIGHT;BLE CHANNEL BACK;BEEPINT;
14:23:31:621;-62;-81;-93;-82;0;0;0;0;0;1;1;1;1;0;0;0;0;0;0;1;5;7;9;1;0;2;0;10;10;10;14;14;0;0;0;0;0;lock;1;1;0;0;BLE_CHANNEL_37;BLE_CHANNEL_37;BLE_CHANNEL_37;BLE_CHANNEL_37;UNKNOWN;UNKNOWN;UNKNOWN;UNKNOWN;UNKNOWN;0;
14:23:31:735;-63;-79;-87;-81;0;0;0;0;0;0;0;0;0;0;0;0;0;0;0;1;5;7;9;1;0;2;0;10;10;10;14;14;0;0;0;0;0;lock;1;1;0;0;BLE_CHANNEL_37;BLE_CHANNEL_37;BLE_CHANNEL_37;BLE_CHANNEL_37;UNKNOWN;UNKNOWN;UNKNOWN;UNKNOWN;UNKNOWN;0;
14:23:31:849;-67;-81;-89;-82;0;0;0;0;0;0;0;0;0;0;0;0;0;0;0;1;5;7;9;1;0;2;0;10;10;10;14;14;0;0;0;0;0;lock;1;1;0;0;BLE_CHANNEL_37;BLE_CHANNEL_37;BLE_CHANNEL_37;BLE_CHANNEL_37;UNKNOWN;UNKNOWN;UNKNOWN;UNKNOWN;UNKNOWN;0;
14:23:31:967;-64;-82;-91;-81;0;0;0;0;0;0;0;1;0;0;0;0;0;0;0;1;5;7;9;1;0;2;0;10;10;10;14;14;0;0;0;0;0;lock;1;1;0;0;BLE_CHANNEL_37;BLE_CHANNEL_37;BLE_CHANNEL_37;BLE_CHANNEL_37;UNKNOWN;UNKNOWN;UNKNOWN;UNKNOWN;UNKNOWN;0;
14:23:32:082;-64;-80;-92;-79;0;0;0;0;0;1;0;0;1;0;0;0;0;0;0;1;5;7;9;1;0;2;0;10;10;10;14;14;0;0;0;0;0;lock;1;1;0;0;BLE_CHANNEL_37;BLE_CHANNEL_37;BLE_CHANNEL_37;BLE_CHANNEL_37;UNKNOWN;UNKNOWN;UNKNOWN;UNKNOWN;UNKNOWN;0;
14:23:32:207;-62;-81;-94;-80;0;0;0;0;0;0;0;0;0;0;0;0;0;0;0;1;5;7;9;1;0;2;0;10;10;10;14;14;0;0;0;0;0;lock;1;1;0;0;BLE_CHANNEL_37;BLE_CHANNEL_37;BLE_CHANNEL_37;BLE_CHANNEL_37;UNKNOWN;UNKNOWN;UNKNOWN;UNKNOWN;UNKNOWN;0;
14:23:32:324;-64;-82;-91;-79;0;0;0;0;0;0;0;0;0;0;0;0;0;0;0;1;5;7;9;1;0;2;0;10;10;10;14;14;0;0;0;0;0;lock;1;1;0;0;BLE_CHANNEL_37;BLE_CHANNEL_37;BLE_CHANNEL_37;BLE_CHANNEL_37;UNKNOWN;UNKNOWN;UNKNOWN;UNKNOWN;UNKNOWN;0;
14:23:32:451;-63;-80;-91;-78;0;0;0;0;0;1;0;1;0;0;0;0;0;0;0;1;5;7;9;1;0;2;0;10;10;10;14;14;0;0;0;0;0;left;1;1;0;1;BLE_CHANNEL_37;BLE_CHANNEL_37;BLE_CHANNEL_37;BLE_CHANNEL_37;UNKNOWN;UNKNOWN;UNKNOWN;UNKNOWN;UNKNOWN;0;
14:23:32:561;-65;-80;-92;-79;0;0;0;0;0;1;0;0;1;0;0;0;0;0;0;1;5;7;9;1;0;2;0;10;10;10;14;14;0;0;0;0;0;left;1;0;0;1;BLE_CHANNEL_37;BLE_CHANNEL_37;BLE_CHANNEL_37;BLE_CHANNEL_37;UNKNOWN;UNKNOWN;UNKNOWN;UNKNOWN;UNKNOWN;0;
14:23:32:671;-66;-80;-92;-79;0;0;0;0;0;0;0;0;0;0;0;0;0;0;0;1;5;7;9;1;0;2;0;10;10;10;14;14;0;0;0;0;0;left;1;0;0;1;BLE_CHANNEL_37;BLE_CHANNEL_37;BLE_CHANNEL_37;BLE_CHANNEL_37;UNKNOWN;UNKNOWN;UNKNOWN;UNKNOWN;UNKNOWN;0;
14:23:32:781;-66;-82;-90;-80;0;0;0;0;0;0;0;0;0;0;0;0;0;0;0;1;5;7;9;1;0;2;0;10;10;10;14;14;0;0;0;0;0;left;1;0;0;1;BLE_CHANNEL_37;BLE_CHANNEL_37;BLE_CHANNEL_37;BLE_CHANNEL_37;UNKNOWN;UNKNOWN;UNKNOWN;UNKNOWN;UNKNOWN;0;
14:23:32:902;-65;-81;-95;-80;0;0;0;0;0;0;1;1;0;0;0;0;0;0;0;1;5;7;9;1;0;2;0;10;10;10;14;14;0;0;0;0;0;lock;1;0;0;1;BLE_CHANNEL_37;BLE_CHANNEL_37;BLE_CHANNEL_37;BLE_CHANNEL_37;UNKNOWN;UNKNOWN;UNKNOWN;UNKNOWN;UNKNOWN;0;
14:23:33:024;-64;-80;-95;-79;0;0;0;0;0;1;0;0;1;0;0;0;0;0;0;1;5;7;9;1;0;2;0;10;10;10;14;14;0;0;0;0;0;lock;1;0;0;1;BLE_CHANNEL_37;BLE_CHANNEL_37;BLE_CHANNEL_37;BLE_CHANNEL_37;UNKNOWN;UNKNOWN;UNKNOWN;UNKNOWN;UNKNOWN;0;
14:23:33:139;-64;-79;-95;-80;0;0;0;0;0;0;0;0;0;0;0;0;0;0;0;1;5;7;9;1;0;2;0;10;10;10;14;14;0;0;0;0;0;lock;1;0;0;1;BLE_CHANNEL_37;BLE_CHANNEL_37;BLE_CHANNEL_37;BLE_CHANNEL_37;UNKNOWN;UNKNOWN;UNKNOWN;UNKNOWN;UNKNOWN;0;
14:23:33:258;-64;-79;-95;-79;0;0;0;0;0;0;0;0;0;0;0;0;0;0;0;1;5;7;9;1;0;2;0;10;10;10;14;14;0;0;0;0;0;lock;1;0;0;1;BLE_CHANNEL_37;BLE_CHANNEL_37;BLE_CHANNEL_37;BLE_CHANNEL_37;UNKNOWN;UNKNOWN;UNKNOWN;UNKNOWN;UNKNOWN;0;
14:23:33:372;-64;-81;-94;-78;0;0;0;0;0;0;0;1;0;0;0;0;0;0;0;1;5;7;9;1;0;2;0;10;10;10;14;14;0;0;0;0;0;lock;1;0;0;1;BLE_CHANNEL_37;BLE_CHANNEL_37;BLE_CHANNEL_37;BLE_CHANNEL_37;UNKNOWN;UNKNOWN;UNKNOWN;UNKNOWN;UNKNOWN;0;
14:23:33:490;-64;-82;-94;-80;0;0;0;0;0;0;0;0;1;0;0;0;0;0;0;1;5;7;9;1;0;2;0;10;10;10;14;14;0;0;0;0;0;lock;1;0;0;1;BLE_CHANNEL_37;BLE_CHANNEL_37;BLE_CHANNEL_37;BLE_CHANNEL_37;UNKNOWN;UNKNOWN;UNKNOWN;UNKNOWN;UNKNOWN;0;
14:23:33:607;-66;-80;-94;-79;0;0;0;0;0;0;0;0;0;0;0;0;0;0;0;1;5;7;9;1;0;2;0;10;10;10;14;14;0;0;0;0;0;lock;1;0;0;1;BLE_CHANNEL_37;BLE_CHANNEL_37;BLE_CHANNEL_37;BLE_CHANNEL_37;UNKNOWN;UNKNOWN;UNKNOWN;UNKNOWN;UNKNOWN;0;
14:23:33:730;-64;-81;-94;-79;0;0;0;0;0;0;0;0;0;0;0;0;0;0;0;1;5;7;9;1;0;2;0;10;10;10;14;14;0;0;0;0;0;lock;1;0;0;1;BLE_CHANNEL_37;BLE_CHANNEL_37;BLE_CHANNEL_37;BLE_CHANNEL_37;UNKNOWN;UNKNOWN;UNKNOWN;UNKNOWN;UNKNOWN;0;
14:23:33:844;-65;-81;-94;-78;0;0;0;0;0;0;1;0;0;0;0;0;0;0;0;1;5;7;9;1;0;2;0;10;10;10;14;14;0;0;0;0;0;lock;1;0;0;1;BLE_CHANNEL_37;BLE_CHANNEL_37;BLE_CHANNEL_37;BLE_CHANNEL_37;UNKNOWN;UNKNOWN;UNKNOWN;UNKNOWN;UNKNOWN;0;
14:23:33:967;-66;-79;-93;-78;0;0;0;0;0;1;0;0;0;0;0;0;0;0;0;1;5;7;9;1;0;2;0;10;10;10;14;14;0;0;0;0;0;lock;1;0;0;1;BLE_CHANNEL_37;BLE_CHANNEL_37;BLE_CHANNEL_37;BLE_CHANNEL_37;UNKNOWN;UNKNOWN;UNKNOWN;UNKNOWN;UNKNOWN;0;
14:23:34:082;-65;-80;-93;-79;0;0;0;0;0;0;0;0;0;0;0;0;0;0;0;1;5;7;9;1;0;2;0;10;10;10;14;14;0;0;0;0;0;lock;1;0;0;1;BLE_CHANNEL_37;BLE_CHANNEL_37;BLE_CHANNEL_37;BLE_CHANNEL_37;UNKNOWN;UNKNOWN;UNKNOWN;UNKNOWN;UNKNOWN;0;
14:23:34:194;-64;-80;-94;-79;0;0;0;0;0;0;0;0;0;0;0;0;0;0;0;1;5;7;9;1;0;2;0;10;10;10;14;14;0;0;0;0;0;lock;1;0;0;1;BLE_CHANNEL_37;BLE_CHANNEL_37;BLE_CHANNEL_37;BLE_CHANNEL_37;UNKNOWN;UNKNOWN;UNKNOWN;UNKNOWN;UNKNOWN;0;
14:23:34:306;-64;-80;-94;-79;0;0;0;0;0;0;1;0;0;0;0;0;0;0;0;1;5;7;9;1;0;2;0;10;10;10;14;14;0;0;0;0;0;lock;1;0;0;1;BLE_CHANNEL_37;BLE_CHANNEL_37;BLE_CHANNEL_37;BLE_CHANNEL_37;UNKNOWN;UNKNOWN;UNKNOWN;UNKNOWN;UNKNOWN;0;
14:23:34:417;-65;-80;-94;-80;0;0;0;0;0;1;1;0;0;0;0;0;0;0;0;1;5;7;9;1;0;2;0;10;10;10;14;14;0;0;0;0;0;lock;1;0;0;1;BLE_CHANNEL_37;BLE_CHANNEL_37;BLE_CHANNEL_37;BLE_CHANNEL_37;UNKNOWN;UNKNOWN;UNKNOWN;UNKNOWN;UNKNOWN;0;
14:23:34:529;-65;-81;-94;-78;0;0;0;0;0;1;0;0;1;0;0;0;0;0;0;1;5;7;9;1;0;2;0;10;10;10;14;14;0;0;0;0;0;lock;1;0;0;1;BLE_CHANNEL_37;BLE_CHANNEL_37;BLE_CHANNEL_37;BLE_CHANNEL_37;UNKNOWN;UNKNOWN;UNKNOWN;UNKNOWN;UNKNOWN;0;
14:23:34:646;-65;-83;-93;-78;0;0;0;0;0;0;0;0;0;0;0;0;0;0;0;1;5;7;9;1;0;2;0;10;10;10;14;14;0;0;0;0;0;lock;1;0;0;1;BLE_CHANNEL_38;BLE_CHANNEL_38;BLE_CHANNEL_38;BLE_CHANNEL_37;UNKNOWN;UNKNOWN;UNKNOWN;UNKNOWN;UNKNOWN;0;
14:23:34:758;-61;-84;-93;-75;0;0;0;0;0;0;0;0;0;0;0;0;0;0;0;1;5;7;9;1;0;2;0;10;10;10;14;14;0;0;0;0;0;lock;1;0;0;1;BLE_CHANNEL_38;BLE_CHANNEL_38;BLE_CHANNEL_38;BLE_CHANNEL_38;UNKNOWN;UNKNOWN;UNKNOWN;UNKNOWN;UNKNOWN;0;
14:23:34:878;-60;-84;-94;-75;0;0;0;0;0;0;0;0;0;0;0;0;0;0;0;1;5;7;9;1;0;2;0;10;10;10;14;14;0;0;0;0;0;lock;1;0;0;1;BLE_CHANNEL_38;BLE_CHANNEL_38;BLE_CHANNEL_38;BLE_CHANNEL_38;UNKNOWN;UNKNOWN;UNKNOWN;UNKNOWN;UNKNOWN;0;
14:23:35:002;-61;-84;-94;-76;0;0;0;0;0;0;0;0;0;0;0;0;0;0;0;1;5;7;9;1;0;2;0;10;10;10;14;14;0;0;0;0;0;lock;1;0;0;1;BLE_CHANNEL_38;BLE_CHANNEL_38;BLE_CHANNEL_38;BLE_CHANNEL_38;UNKNOWN;UNKNOWN;UNKNOWN;UNKNOWN;UNKNOWN;0;
14:23:35:114;-61;-86;-96;-76;0;0;0;0;0;1;0;1;0;0;0;0;0;0;0;1;5;7;9;1;0;2;0;10;10;10;14;14;0;0;0;0;0;lock;1;0;0;1;BLE_CHANNEL_38;BLE_CHANNEL_38;BLE_CHANNEL_38;BLE_CHANNEL_38;UNKNOWN;UNKNOWN;UNKNOWN;UNKNOWN;UNKNOWN;0;
14:23:35:230;-61;-84;-96;-76;0;0;0;0;0;0;0;0;0;0;0;0;0;0;0;1;5;7;9;1;0;2;0;10;10;10;14;14;0;0;0;0;0;lock;1;0;0;1;BLE_CHANNEL_38;BLE_CHANNEL_38;BLE_CHANNEL_38;BLE_CHANNEL_38;UNKNOWN;UNKNOWN;UNKNOWN;UNKNOWN;UNKNOWN;0;
14:23:35:352;-61;-85;-98;-77;0;0;0;0;0;0;0;0;0;0;0;0;0;0;0;1;5;7;9;1;0;2;0;10;10;10;14;14;0;0;0;0;0;lock;1;0;0;1;BLE_CHANNEL_38;BLE_CHANNEL_38;BLE_CHANNEL_38;BLE_CHANNEL_38;UNKNOWN;UNKNOWN;UNKNOWN;UNKNOWN;UNKNOWN;0;
14:23:35:468;-60;-85;-98;-77;0;0;0;0;0;0;0;0;0;0;0;0;0;0;0;1;5;7;9;1;0;2;0;10;10;10;14;14;0;0;0;0;0;lock;1;0;0;1;BLE_CHANNEL_38;BLE_CHANNEL_38;BLE_CHANNEL_38;BLE_CHANNEL_38;UNKNOWN;UNKNOWN;UNKNOWN;UNKNOWN;UNKNOWN;0;
14:23:35:580;-61;-84;-98;-77;0;0;0;0;0;1;0;0;0;0;0;0;0;0;0;1;5;7;9;1;0;2;0;10;10;10;14;14;0;0;0;0;0;lock;1;0;0;1;BLE_CHANNEL_38;BLE_CHANNEL_38;BLE_CHANNEL_38;BLE_CHANNEL_38;UNKNOWN;UNKNOWN;UNKNOWN;UNKNOWN;UNKNOWN;0;
14:23:35:700;-61;-85;-98;-77;0;0;0;0;0;1;0;0;0;0;0;0;0;0;0;1;5;7;9;1;0;2;0;10;10;10;14;14;0;0;0;0;0;lock;1;0;0;1;BLE_CHANNEL_38;BLE_CHANNEL_38;BLE_CHANNEL_38;BLE_CHANNEL_38;UNKNOWN;UNKNOWN;UNKNOWN;UNKNOWN;UNKNOWN;0;
14:23:35:811;-61;-87;-98;-77;0;0;0;0;0;0;0;0;0;0;0;0;0;0;0;1;5;7;9;1;0;2;0;10;10;10;14;14;0;0;0;0;0;lock;1;0;0;0;BLE_CHANNEL_38;BLE_CHANNEL_38;BLE_CHANNEL_38;BLE_CHANNEL_38;UNKNOWN;UNKNOWN;UNKNOWN;UNKNOWN;UNKNOWN;0;
14:23:35:922;-60;-85;-98;-76;0;0;0;0;0;0;0;0;0;0;0;0;0;0;0;1;5;7;9;1;0;2;0;10;10;10;14;14;0;0;0;0;0;lock;1;0;0;0;BLE_CHANNEL_38;BLE_CHANNEL_38;BLE_CHANNEL_38;BLE_CHANNEL_38;UNKNOWN;UNKNOWN;UNKNOWN;UNKNOWN;UNKNOWN;0;
14:23:36:054;-61;-84;-98;-77;0;0;0;0;0;0;1;0;0;0;0;0;0;0;0;1;5;7;9;1;0;2;0;10;10;10;14;14;0;0;0;0;0;lock;1;0;0;0;BLE_CHANNEL_38;BLE_CHANNEL_38;BLE_CHANNEL_38;BLE_CHANNEL_38;UNKNOWN;UNKNOWN;UNKNOWN;UNKNOWN;UNKNOWN;0;
14:23:36:175;-61;-83;-98;-78;0;0;0;0;0;1;0;0;1;0;0;0;0;0;0;1;5;7;9;1;0;2;0;10;10;10;14;14;0;0;0;0;0;lock;1;0;0;0;BLE_CHANNEL_38;BLE_CHANNEL_38;BLE_CHANNEL_38;BLE_CHANNEL_38;UNKNOWN;UNKNOWN;UNKNOWN;UNKNOWN;UNKNOWN;0;
14:23:36:288;-62;-84;-98;-78;0;0;0;0;0;0;0;0;0;0;0;0;0;0;0;1;5;7;9;1;0;2;0;10;10;10;14;14;0;0;0;0;0;lock;1;0;0;0;BLE_CHANNEL_38;BLE_CHANNEL_38;BLE_CHANNEL_38;BLE_CHANNEL_38;UNKNOWN;UNKNOWN;UNKNOWN;UNKNOWN;UNKNOWN;0;
14:23:36:407;-61;-84;-98;-78;0;0;0;0;0;0;0;0;0;0;0;0;0;0;0;1;5;7;9;1;0;2;0;10;10;10;14;14;0;0;0;0;0;lock;1;0;0;0;BLE_CHANNEL_38;BLE_CHANNEL_38;BLE_CHANNEL_38;BLE_CHANNEL_38;UNKNOWN;UNKNOWN;UNKNOWN;UNKNOWN;UNKNOWN;0;
14:23:36:525;-61;-85;-98;-78;0;0;0;0;0;0;0;0;0;0;0;0;0;0;0;1;5;7;9;1;0;2;0;10;10;10;14;14;0;0;0;0;0;lock;1;0;0;0;BLE_CHANNEL_38;BLE_CHANNEL_38;BLE_CHANNEL_38;BLE_CHANNEL_38;UNKNOWN;UNKNOWN;UNKNOWN;UNKNOWN;UNKNOWN;0;
14:23:36:635;-60;-86;-98;-78;0;0;0;0;0;1;0;0;0;0;0;0;0;0;0;1;5;7;9;1;0;2;0;10;10;10;14;14;0;0;0;0;0;lock;1;0;0;0;BLE_CHANNEL_38;BLE_CHANNEL_38;BLE_CHANNEL_38;BLE_CHANNEL_38;UNKNOWN;UNKNOWN;UNKNOWN;UNKNOWN;UNKNOWN;0;
14:23:36:755;-61;-84;-98;-78;0;0;0;0;0;0;0;0;0;0;0;0;0;0;0;1;5;7;9;1;0;2;0;10;10;10;14;14;0;0;0;0;0;lock;1;0;0;0;BLE_CHANNEL_38;BLE_CHANNEL_38;BLE_CHANNEL_38;BLE_CHANNEL_38;UNKNOWN;UNKNOWN;UNKNOWN;UNKNOWN;UNKNOWN;0;
14:23:36:870;-61;-85;-98;-78;0;0;0;0;0;0;0;0;0;0;0;0;0;0;0;1;5;7;9;1;0;2;0;10;10;10;14;14;0;0;0;0;0;lock;1;0;0;0;BLE_CHANNEL_38;BLE_CHANNEL_38;BLE_CHANNEL_38;BLE_CHANNEL_38;UNKNOWN;UNKNOWN;UNKNOWN;UNKNOWN;UNKNOWN;0;
14:23:36:986;-60;-85;-98;-78;0;0;0;0;0;0;0;0;0;0;0;0;0;0;0;1;5;7;9;1;0;2;0;10;10;10;14;14;0;0;0;0;0;lock;1;0;0;0;BLE_CHANNEL_38;BLE_CHANNEL_38;BLE_CHANNEL_38;BLE_CHANNEL_38;UNKNOWN;UNKNOWN;UNKNOWN;UNKNOWN;UNKNOWN;0;
14:23:37:109;-61;-83;-98;-78;0;0;0;0;0;1;0;0;0;0;0;0;0;0;0;1;5;7;9;1;0;2;0;10;10;10;14;14;0;0;0;0;0;lock;1;0;0;0;BLE_CHANNEL_38;BLE_CHANNEL_38;BLE_CHANNEL_38;BLE_CHANNEL_38;UNKNOWN;UNKNOWN;UNKNOWN;UNKNOWN;UNKNOWN;0;
14:23:37:220;-60;-83;-98;-77;0;0;0;0;0;0;0;0;0;0;0;0;0;0;0;1;5;7;9;1;0;2;0;10;10;10;14;14;0;0;0;0;0;lock;1;0;0;0;BLE_CHANNEL_38;BLE_CHANNEL_38;BLE_CHANNEL_38;BLE_CHANNEL_38;UNKNOWN;UNKNOWN;UNKNOWN;UNKNOWN;UNKNOWN;0;
14:23:37:345;-60;-84;-98;-77;0;0;0;0;0;0;0;0;0;0;0;0;0;0;0;1;5;7;9;1;0;2;0;10;10;10;14;14;0;0;0;0;0;lock;1;0;0;0;BLE_CHANNEL_38;BLE_CHANNEL_38;BLE_CHANNEL_38;BLE_CHANNEL_38;UNKNOWN;UNKNOWN;UNKNOWN;UNKNOWN;UNKNOWN;0;
14:23:37:454;-60;-84;-98;-78;0;0;0;0;0;0;1;0;0;0;0;0;0;0;0;1;5;7;9;1;0;2;0;10;10;10;14;14;0;0;0;0;0;lock;1;0;0;0;BLE_CHANNEL_38;BLE_CHANNEL_38;BLE_CHANNEL_38;BLE_CHANNEL_38;UNKNOWN;UNKNOWN;UNKNOWN;UNKNOWN;UNKNOWN;0;
14:23:37:565;-61;-84;-98;-77;0;0;0;0;0;1;1;0;0;0;0;0;0;0;0;1;5;6;9;1;0;2;0;10;10;10;14;14;0;0;0;0;0;lock;1;1;0;0;BLE_CHANNEL_38;BLE_CHANNEL_38;BLE_CHANNEL_38;BLE_CHANNEL_38;UNKNOWN;UNKNOWN;UNKNOWN;UNKNOWN;UNKNOWN;0;
14:23:37:690;-61;-85;-98;-78;0;0;0;0;0;1;0;0;0;0;0;0;0;0;0;1;5;6;9;1;0;2;0;10;10;10;14;14;0;0;0;0;0;lock;1;1;0;0;BLE_CHANNEL_38;BLE_CHANNEL_38;BLE_CHANNEL_38;BLE_CHANNEL_38;UNKNOWN;UNKNOWN;UNKNOWN;UNKNOWN;UNKNOWN;0;
14:23:37:807;-61;-85;-98;-78;0;0;0;0;0;0;0;0;0;0;0;0;0;0;0;1;5;6;9;1;0;2;0;10;10;10;14;14;0;0;0;0;0;lock;1;1;0;0;BLE_CHANNEL_38;BLE_CHANNEL_38;BLE_CHANNEL_38;BLE_CHANNEL_38;UNKNOWN;UNKNOWN;UNKNOWN;UNKNOWN;UNKNOWN;0;
14:23:37:927;-61;-85;-98;-78;0;0;0;0;0;0;0;0;0;0;0;0;0;0;0;1;5;6;9;1;0;2;0;10;10;10;14;14;0;0;0;0;0;lock;1;1;0;0;BLE_CHANNEL_38;BLE_CHANNEL_38;BLE_CHANNEL_38;BLE_CHANNEL_38;UNKNOWN;UNKNOWN;UNKNOWN;UNKNOWN;UNKNOWN;0;
14:23:38:039;-60;-84;-98;-77;0;0;0;0;0;1;0;0;0;0;0;0;0;0;0;1;5;6;9;1;0;2;0;10;10;10;14;14;0;0;0;0;0;lock;1;1;0;0;BLE_CHANNEL_38;BLE_CHANNEL_38;BLE_CHANNEL_38;BLE_CHANNEL_38;UNKNOWN;UNKNOWN;UNKNOWN;UNKNOWN;UNKNOWN;0;
14:23:38:161;-61;-84;-98;-77;0;0;0;0;0;1;0;0;1;0;0;0;0;0;0;1;5;6;9;1;0;2;0;10;10;10;14;14;0;0;0;0;0;lock;1;1;0;0;BLE_CHANNEL_38;BLE_CHANNEL_38;BLE_CHANNEL_38;BLE_CHANNEL_38;UNKNOWN;UNKNOWN;UNKNOWN;UNKNOWN;UNKNOWN;0;
14:23:38:274;-60;-84;-98;-78;0;0;0;0;0;0;0;0;1;0;0;0;0;0;0;1;5;6;9;1;0;2;0;10;10;10;14;14;0;0;0;0;0;lock;1;1;0;0;BLE_CHANNEL_38;BLE_CHANNEL_38;BLE_CHANNEL_38;BLE_CHANNEL_38;UNKNOWN;UNKNOWN;UNKNOWN;UNKNOWN;UNKNOWN;0;
14:23:38:387;-60;-84;-98;-78;0;0;0;0;0;0;1;0;0;0;0;0;0;0;0;1;5;6;9;1;0;2;0;10;10;10;14;14;0;0;0;0;0;lock;1;1;0;0;BLE_CHANNEL_38;BLE_CHANNEL_38;BLE_CHANNEL_38;BLE_CHANNEL_38;UNKNOWN;UNKNOWN;UNKNOWN;UNKNOWN;UNKNOWN;0;
14:23:38:500;-60;-84;-98;-78;0;0;0;0;0;0;1;0;0;0;0;0;0;0;0;1;5;6;9;1;0;2;0;10;10;10;14;14;0;0;0;0;0;lock;1;1;0;0;BLE_CHANNEL_38;BLE_CHANNEL_38;BLE_CHANNEL_38;BLE_CHANNEL_38;UNKNOWN;UNKNOWN;UNKNOWN;UNKNOWN;UNKNOWN;0;
14:23:38:611;-61;-84;-98;-78;0;0;0;0;0;1;0;0;0;0;0;0;0;0;0;1;5;6;9;1;0;2;0;10;10;10;14;14;0;0;0;0;0;lock;1;1;0;0;BLE_CHANNEL_38;BLE_CHANNEL_38;BLE_CHANNEL_38;BLE_CHANNEL_38;UNKNOWN;UNKNOWN;UNKNOWN;UNKNOWN;UNKNOWN;0;
14:23:38:724;-60;-84;-98;-76;0;0;0;0;0;0;0;0;1;0;0;0;0;0;0;1;5;6;9;1;0;2;0;10;10;10;14;14;0;0;0;0;0;lock;1;1;0;0;BLE_CHANNEL_38;BLE_CHANNEL_38;BLE_CHANNEL_38;BLE_CHANNEL_38;UNKNOWN;UNKNOWN;UNKNOWN;UNKNOWN;UNKNOWN;0;
14:23:38:834;-61;-85;-98;-76;0;0;0;0;0;0;0;0;1;0;0;0;0;0;0;1;5;6;9;1;0;2;0;10;10;10;14;14;0;0;0;0;0;lock;1;1;0;0;BLE_CHANNEL_38;BLE_CHANNEL_38;BLE_CHANNEL_38;BLE_CHANNEL_38;UNKNOWN;UNKNOWN;UNKNOWN;UNKNOWN;UNKNOWN;0;
14:23:38:951;-61;-84;-98;-77;0;0;0;0;0;0;0;0;0;0;0;0;0;0;0;1;5;6;9;1;0;2;0;10;10;10;14;14;0;0;0;0;0;lock;1;1;0;0;BLE_CHANNEL_38;BLE_CHANNEL_38;BLE_CHANNEL_38;BLE_CHANNEL_38;UNKNOWN;UNKNOWN;UNKNOWN;UNKNOWN;UNKNOWN;0;
14:23:39:066;-61;-84;-98;-77;0;0;0;0;0;0;1;0;0;0;0;0;0;0;0;1;5;6;9;1;0;2;0;10;10;10;14;14;0;0;0;0;0;lock;1;1;0;0;BLE_CHANNEL_38;BLE_CHANNEL_38;BLE_CHANNEL_38;BLE_CHANNEL_38;UNKNOWN;UNKNOWN;UNKNOWN;UNKNOWN;UNKNOWN;0;
14:23:39:183;-61;-83;-98;-78;0;0;0;0;0;1;0;0;0;0;0;0;0;0;0;1;5;6;9;1;0;2;0;10;10;10;14;14;0;0;0;0;0;lock;1;1;0;0;BLE_CHANNEL_38;BLE_CHANNEL_38;BLE_CHANNEL_38;BLE_CHANNEL_38;UNKNOWN;UNKNOWN;UNKNOWN;UNKNOWN;UNKNOWN;0;
14:23:39:295;-60;-84;-98;-79;0;0;0;0;0;0;0;0;1;0;0;0;0;0;0;1;5;6;9;1;0;2;0;10;10;10;14;14;0;0;0;0;0;lock;1;1;0;0;BLE_CHANNEL_38;BLE_CHANNEL_38;BLE_CHANNEL_38;BLE_CHANNEL_38;UNKNOWN;UNKNOWN;UNKNOWN;UNKNOWN;UNKNOWN;0;
14:23:39:426;-60;-85;-98;-77;0;0;0;0;0;0;0;0;0;0;0;0;0;0;0;1;5;6;9;1;0;2;0;10;10;10;14;14;0;0;0;0;0;lock;1;1;0;0;BLE_CHANNEL_38;BLE_CHANNEL_38;BLE_CHANNEL_38;BLE_CHANNEL_38;UNKNOWN;UNKNOWN;UNKNOWN;UNKNOWN;UNKNOWN;0;
14:23:39:545;-60;-85;-98;-77;0;0;0;0;0;0;1;0;0;0;0;0;0;0;0;1;5;6;9;1;0;2;0;10;10;10;14;14;0;0;0;0;0;lock;1;1;0;0;BLE_CHANNEL_38;BLE_CHANNEL_38;BLE_CHANNEL_38;BLE_CHANNEL_38;UNKNOWN;UNKNOWN;UNKNOWN;UNKNOWN;UNKNOWN;0;
14:23:39:655;-61;-81;-91;-87;0;0;0;0;0;0;1;1;0;0;0;0;0;0;0;1;5;6;9;1;0;2;0;10;10;10;14;14;0;0;0;0;0;lock;1;1;0;0;BLE_CHANNEL_38;BLE_CHANNEL_39;BLE_CHANNEL_39;BLE_CHANNEL_39;UNKNOWN;UNKNOWN;UNKNOWN;UNKNOWN;UNKNOWN;0;
14:23:39:768;-65;-81;-92;-88;0;0;0;0;0;1;0;1;0;0;0;0;0;0;0;1;5;6;9;1;0;2;0;10;10;10;14;14;0;0;0;0;0;lock;1;1;0;0;BLE_CHANNEL_39;BLE_CHANNEL_39;BLE_CHANNEL_39;BLE_CHANNEL_39;UNKNOWN;UNKNOWN;UNKNOWN;UNKNOWN;UNKNOWN;0;
14:23:39:890;-65;-80;-93;-87;0;0;0;0;0;0;0;0;0;0;0;0;0;0;0;1;5;6;9;1;0;2;0;10;10;10;14;14;0;0;0;0;0;lock;1;1;0;0;BLE_CHANNEL_39;BLE_CHANNEL_39;BLE_CHANNEL_39;BLE_CHANNEL_39;UNKNOWN;UNKNOWN;UNKNOWN;UNKNOWN;UNKNOWN;0;
14:23:40:000;-67;-80;-91;-89;0;0;0;0;0;0;0;0;1;0;0;0;0;0;0;1;5;6;9;1;0;2;0;10;10;10;14;14;0;0;0;0;0;lock;1;1;0;0;BLE_CHANNEL_39;BLE_CHANNEL_39;BLE_CHANNEL_39;BLE_CHANNEL_39;UNKNOWN;UNKNOWN;UNKNOWN;UNKNOWN;UNKNOWN;0;
14:23:40:116;-65;-80;-92;-87;0;0;0;0;0;0;0;0;0;0;0;0;0;0;0;1;5;6;9;1;0;2;0;10;10;10;14;14;0;0;0;0;0;lock;1;1;0;0;BLE_CHANNEL_39;BLE_CHANNEL_39;BLE_CHANNEL_39;BLE_CHANNEL_39;UNKNOWN;UNKNOWN;UNKNOWN;UNKNOWN;UNKNOWN;0;
14:23:40:233;-66;-80;-92;-87;0;0;0;0;0;0;1;1;0;0;0;0;0;0;0;1;5;6;9;1;0;2;0;10;10;10;14;14;0;0;0;0;0;lock;1;1;0;0;BLE_CHANNEL_39;BLE_CHANNEL_39;BLE_CHANNEL_39;BLE_CHANNEL_39;UNKNOWN;UNKNOWN;UNKNOWN;UNKNOWN;UNKNOWN;0;
14:23:40:344;-66;-80;-92;-87;0;0;0;0;0;0;0;0;0;0;0;0;0;0;0;1;5;6;9;1;0;2;0;10;10;10;14;14;0;0;0;0;0;lock;1;1;0;0;BLE_CHANNEL_39;BLE_CHANNEL_39;BLE_CHANNEL_39;BLE_CHANNEL_39;UNKNOWN;UNKNOWN;UNKNOWN;UNKNOWN;UNKNOWN;0;
14:23:40:463;-66;-81;-91;-88;0;0;0;0;0;0;0;0;1;0;0;0;0;0;0;1;5;6;9;1;0;2;0;10;10;10;14;14;0;0;0;0;0;lock;1;1;0;0;BLE_CHANNEL_39;BLE_CHANNEL_39;BLE_CHANNEL_39;BLE_CHANNEL_39;UNKNOWN;UNKNOWN;UNKNOWN;UNKNOWN;UNKNOWN;0;
14:23:40:602;-65;-80;-92;-88;0;0;0;0;0;0;0;0;0;0;0;0;0;0;0;1;5;6;9;1;0;2;0;10;10;10;14;14;0;0;0;0;0;lock;1;1;0;0;BLE_CHANNEL_39;BLE_CHANNEL_39;BLE_CHANNEL_39;BLE_CHANNEL_39;UNKNOWN;UNKNOWN;UNKNOWN;UNKNOWN;UNKNOWN;0;
14:23:40:713;-65;-81;-92;-87;0;0;0;0;0;1;0;1;0;0;0;0;0;0;0;1;5;6;9;1;0;2;0;10;10;10;14;14;0;0;0;0;0;lock;1;1;0;0;BLE_CHANNEL_39;BLE_CHANNEL_39;BLE_CHANNEL_39;BLE_CHANNEL_39;UNKNOWN;UNKNOWN;UNKNOWN;UNKNOWN;UNKNOWN;0;
14:23:40:822;-64;-80;-91;-87;0;0;0;0;0;0;0;0;0;0;0;0;0;0;0;1;5;6;9;1;0;2;0;10;10;10;14;14;0;0;0;0;0;lock;1;1;0;0;BLE_CHANNEL_39;BLE_CHANNEL_39;BLE_CHANNEL_39;BLE_CHANNEL_39;UNKNOWN;UNKNOWN;UNKNOWN;UNKNOWN;UNKNOWN;0;
14:23:40:931;-65;-81;-92;-88;0;0;0;0;0;0;0;0;1;0;0;0;0;0;0;1;5;6;9;1;0;2;0;10;10;10;14;14;0;0;0;0;0;lock;1;1;0;0;BLE_CHANNEL_39;BLE_CHANNEL_39;BLE_CHANNEL_39;BLE_CHANNEL_39;UNKNOWN;UNKNOWN;UNKNOWN;UNKNOWN;UNKNOWN;0;
14:23:41:049;-65;-80;-92;-87;0;0;0;0;0;0;0;0;0;0;0;0;0;0;0;1;5;6;9;1;0;2;0;10;10;10;14;14;0;0;0;0;0;lock;1;1;0;0;BLE_CHANNEL_39;BLE_CHANNEL_39;BLE_CHANNEL_39;BLE_CHANNEL_39;UNKNOWN;UNKNOWN;UNKNOWN;UNKNOWN;UNKNOWN;0;
14:23:41:167;-64;-79;-92;-88;0;0;0;0;0;0;1;0;0;0;0;0;0;0;0;1;5;6;9;1;0;2;0;10;10;10;14;14;0;0;0;0;0;lock;1;1;0;0;BLE_CHANNEL_39;BLE_CHANNEL_39;BLE_CHANNEL_39;BLE_CHANNEL_39;UNKNOWN;UNKNOWN;UNKNOWN;UNKNOWN;UNKNOWN;0;
14:23:41:281;-65;-80;-92;-89;0;0;0;0;0;0;0;0;0;0;0;0;0;0;0;1;5;6;9;1;0;2;0;10;10;10;14;14;0;0;0;0;0;lock;1;1;0;0;BLE_CHANNEL_39;BLE_CHANNEL_39;BLE_CHANNEL_39;BLE_CHANNEL_39;UNKNOWN;UNKNOWN;UNKNOWN;UNKNOWN;UNKNOWN;0;
14:23:41:391;-64;-80;-91;-87;0;0;0;0;0;0;0;0;0;0;0;0;0;0;0;1;5;6;9;1;0;2;0;10;10;10;14;14;0;0;0;0;0;lock;1;1;0;0;BLE_CHANNEL_39;BLE_CHANNEL_39;BLE_CHANNEL_39;BLE_CHANNEL_39;UNKNOWN;UNKNOWN;UNKNOWN;UNKNOWN;UNKNOWN;0;
14:23:41:504;-65;-80;-91;-88;0;0;0;0;0;0;0;0;0;0;0;0;0;0;0;1;5;6;9;1;0;2;0;10;10;10;14;14;0;0;0;0;0;lock;1;1;0;0;BLE_CHANNEL_39;BLE_CHANNEL_39;BLE_CHANNEL_39;BLE_CHANNEL_39;UNKNOWN;UNKNOWN;UNKNOWN;UNKNOWN;UNKNOWN;0;
14:23:41:639;-65;-80;-93;-89;0;0;0;0;0;0;0;0;0;0;0;0;0;0;0;1;5;6;9;1;0;2;0;10;10;10;14;14;0;0;0;0;0;lock;1;1;0;0;BLE_CHANNEL_39;BLE_CHANNEL_39;BLE_CHANNEL_39;BLE_CHANNEL_39;UNKNOWN;UNKNOWN;UNKNOWN;UNKNOWN;UNKNOWN;0;
14:23:41:751;-64;-80;-92;-88;0;0;0;0;0;1;0;1;0;0;0;0;0;0;0;1;5;6;9;1;0;2;0;10;10;10;14;14;0;0;0;0;0;lock;1;1;0;0;BLE_CHANNEL_39;BLE_CHANNEL_39;BLE_CHANNEL_39;BLE_CHANNEL_39;UNKNOWN;UNKNOWN;UNKNOWN;UNKNOWN;UNKNOWN;0;
14:23:41:863;-65;-80;-91;-88;0;0;0;0;0;1;0;0;0;0;0;0;0;0;0;1;5;6;9;1;0;2;0;10;10;10;14;14;0;0;0;0;0;lock;1;1;0;0;BLE_CHANNEL_39;BLE_CHANNEL_39;BLE_CHANNEL_39;BLE_CHANNEL_39;UNKNOWN;UNKNOWN;UNKNOWN;UNKNOWN;UNKNOWN;0;
14:23:41:987;-64;-80;-92;-89;0;0;0;0;0;0;0;0;0;0;0;0;0;0;0;1;5;6;9;1;0;2;0;10;10;10;14;14;0;0;0;0;0;lock;1;1;0;0;BLE_CHANNEL_39;BLE_CHANNEL_39;BLE_CHANNEL_39;BLE_CHANNEL_39;UNKNOWN;UNKNOWN;UNKNOWN;UNKNOWN;UNKNOWN;0;
14:23:42:105;-65;-81;-93;-87;0;0;0;0;0;0;1;1;0;0;0;0;0;0;0;1;5;6;9;1;0;2;0;10;10;10;14;14;0;0;0;0;0;lock;1;1;0;0;BLE_CHANNEL_39;BLE_CHANNEL_39;BLE_CHANNEL_39;BLE_CHANNEL_39;UNKNOWN;UNKNOWN;UNKNOWN;UNKNOWN;UNKNOWN;0;
14:23:42:212;-66;-81;-92;-87;0;0;0;0;0;1;1;1;0;0;0;0;0;0;0;1;5;6;9;1;0;2;0;10;10;10;14;14;0;0;0;0;0;lock;1;1;0;0;BLE_CHANNEL_39;BLE_CHANNEL_39;BLE_CHANNEL_39;BLE_CHANNEL_39;UNKNOWN;UNKNOWN;UNKNOWN;UNKNOWN;UNKNOWN;0;
14:23:42:321;-65;-81;-93;-87;0;0;0;0;0;1;0;0;0;0;0;0;0;0;0;1;5;6;9;1;0;2;0;10;10;10;14;14;0;0;0;0;0;lock;1;1;0;0;BLE_CHANNEL_39;BLE_CHANNEL_39;BLE_CHANNEL_39;BLE_CHANNEL_39;UNKNOWN;UNKNOWN;UNKNOWN;UNKNOWN;UNKNOWN;0;
14:23:42:443;-65;-80;-91;-87;0;0;0;0;0;0;0;0;0;0;0;0;0;0;0;1;5;6;9;1;0;2;0;10;10;10;14;14;0;0;0;0;0;lock;1;1;0;0;BLE_CHANNEL_39;BLE_CHANNEL_39;BLE_CHANNEL_39;BLE_CHANNEL_39;UNKNOWN;UNKNOWN;UNKNOWN;UNKNOWN;UNKNOWN;0;
14:23:42:554;-65;-81;-92;-87;0;0;0;0;0;0;0;0;0;0;0;0;0;0;0;1;5;6;9;1;0;2;0;10;10;10;14;14;0;0;0;0;0;lock;1;1;0;0;BLE_CHANNEL_39;BLE_CHANNEL_39;BLE_CHANNEL_39;BLE_CHANNEL_39;UNKNOWN;UNKNOWN;UNKNOWN;UNKNOWN;UNKNOWN;0;
14:23:42:667;-66;-81;-91;-90;0;0;0;0;0;0;0;0;0;0;0;0;0;0;0;1;5;6;9;1;0;2;0;10;10;10;14;14;0;0;0;0;0;lock;1;1;0;0;BLE_CHANNEL_39;BLE_CHANNEL_39;BLE_CHANNEL_39;BLE_CHANNEL_39;UNKNOWN;UNKNOWN;UNKNOWN;UNKNOWN;UNKNOWN;0;
14:23:42:787;-66;-81;-91;-90;0;0;0;0;0;1;0;0;0;0;0;0;0;0;0;1;5;6;9;1;0;2;0;10;10;10;14;14;0;0;0;0;0;lock;1;1;0;0;BLE_CHANNEL_39;BLE_CHANNEL_39;BLE_CHANNEL_39;BLE_CHANNEL_39;UNKNOWN;UNKNOWN;UNKNOWN;UNKNOWN;UNKNOWN;0;
14:23:42:912;-66;-81;-92;-89;0;0;0;0;0;0;0;0;0;0;0;0;0;0;0;1;5;6;9;1;0;2;0;10;10;10;14;14;0;0;0;0;0;lock;1;1;0;0;BLE_CHANNEL_39;BLE_CHANNEL_39;BLE_CHANNEL_39;BLE_CHANNEL_39;UNKNOWN;UNKNOWN;UNKNOWN;UNKNOWN;UNKNOWN;0;
14:23:43:024;-66;-80;-92;-89;0;0;0;0;0;0;0;0;1;0;0;0;0;0;0;1;5;6;9;1;0;2;0;10;10;10;14;14;0;0;0;0;0;lock;1;1;0;0;BLE_CHANNEL_39;BLE_CHANNEL_39;BLE_CHANNEL_39;BLE_CHANNEL_39;UNKNOWN;UNKNOWN;UNKNOWN;UNKNOWN;UNKNOWN;0;
14:23:43:149;-65;-81;-91;-89;0;0;0;0;0;0;0;0;0;0;0;0;0;0;0;1;5;6;9;1;0;2;0;10;10;10;14;14;0;0;0;0;0;lock;1;1;0;0;BLE_CHANNEL_39;BLE_CHANNEL_39;BLE_CHANNEL_39;BLE_CHANNEL_39;UNKNOWN;UNKNOWN;UNKNOWN;UNKNOWN;UNKNOWN;0;
14:23:43:262;-65;-80;-90;-89;0;0;0;0;0;0;0;1;0;0;0;0;0;0;0;1;5;6;9;1;0;2;0;10;10;10;14;14;0;0;0;0;0;lock;1;1;0;0;BLE_CHANNEL_39;BLE_CHANNEL_39;BLE_CHANNEL_39;BLE_CHANNEL_39;UNKNOWN;UNKNOWN;UNKNOWN;UNKNOWN;UNKNOWN;0;
14:23:43:374;-66;-81;-91;-89;0;0;0;0;0;1;0;0;0;0;0;0;0;0;0;1;5;6;9;1;0;2;0;10;10;10;14;14;0;0;0;0;0;lock;1;1;0;0;BLE_CHANNEL_39;BLE_CHANNEL_39;BLE_CHANNEL_39;BLE_CHANNEL_39;UNKNOWN;UNKNOWN;UNKNOWN;UNKNOWN;UNKNOWN;0;
14:23:43:483;-65;-80;-91;-89;0;0;0;0;0;0;0;0;1;0;0;0;0;0;0;1;5;6;9;1;0;2;0;10;10;10;14;14;0;0;0;0;0;lock;1;1;0;0;BLE_CHANNEL_39;BLE_CHANNEL_39;BLE_CHANNEL_39;BLE_CHANNEL_39;UNKNOWN;UNKNOWN;UNKNOWN;UNKNOWN;UNKNOWN;0;
14:23:43:593;-65;-81;-91;-89;0;0;0;0;0;0;0;0;0;0;0;0;0;0;0;1;5;6;9;1;0;2;0;10;10;10;14;14;0;0;0;0;0;lock;1;1;0;0;BLE_CHANNEL_39;BLE_CHANNEL_39;BLE_CHANNEL_39;BLE_CHANNEL_39;UNKNOWN;UNKNOWN;UNKNOWN;UNKNOWN;UNKNOWN;0;
14:23:43:714;-65;-81;-90;-90;0;0;0;0;0;0;1;0;0;0;0;0;0;0;0;1;5;6;9;1;0;2;0;10;10;10;14;14;0;0;0;0;0;lock;1;1;0;0;BLE_CHANNEL_39;BLE_CHANNEL_39;BLE_CHANNEL_39;BLE_CHANNEL_39;UNKNOWN;UNKNOWN;UNKNOWN;UNKNOWN;UNKNOWN;0;
14:23:43:826;-65;-81;-91;-89;0;0;0;0;0;0;0;0;0;0;0;0;0;0;0;1;5;6;9;1;0;2;0;10;10;10;14;14;0;0;0;0;0;lock;1;1;0;0;BLE_CHANNEL_39;BLE_CHANNEL_39;BLE_CHANNEL_39;BLE_CHANNEL_39;UNKNOWN;UNKNOWN;UNKNOWN;UNKNOWN;UNKNOWN;0;
14:23:43:947;-65;-81;-92;-89;0;0;0;0;0;0;0;0;0;0;0;0;0;0;0;1;5;6;9;1;0;2;0;10;10;10;14;14;0;0;0;0;0;lock;1;1;0;0;BLE_CHANNEL_39;BLE_CHANNEL_39;BLE_CHANNEL_39;BLE_CHANNEL_39;UNKNOWN;UNKNOWN;UNKNOWN;UNKNOWN;UNKNOWN;0;
14:23:44:065;-66;-81;-91;-88;0;0;0;0;0;0;0;0;0;0;0;0;0;0;0;1;5;6;9;1;0;2;0;10;10;10;14;14;0;0;0;0;0;lock;1;1;0;0;BLE_CHANNEL_39;BLE_CHANNEL_39;BLE_CHANNEL_39;BLE_CHANNEL_39;UNKNOWN;UNKNOWN;UNKNOWN;UNKNOWN;UNKNOWN;0;
14:23:44:175;-66;-80;-91;-89;0;0;0;0;0;0;1;1;0;0;0;0;0;0;0;1;5;6;9;1;0;2;0;10;10;10;14;14;0;0;0;0;0;lock;1;1;0;0;BLE_CHANNEL_39;BLE_CHANNEL_39;BLE_CHANNEL_39;BLE_CHANNEL_39;UNKNOWN;UNKNOWN;UNKNOWN;UNKNOWN;UNKNOWN;0;
14:23:44:295;-65;-81;-90;-89;0;0;0;0;0;0;1;1;0;0;0;0;0;0;0;1;5;6;9;1;0;2;0;10;10;10;14;14;0;0;0;0;0;lock;1;1;0;0;BLE_CHANNEL_39;BLE_CHANNEL_39;BLE_CHANNEL_39;BLE_CHANNEL_39;UNKNOWN;UNKNOWN;UNKNOWN;UNKNOWN;UNKNOWN;0;
14:23:44:407;-65;-80;-92;-88;0;0;0;0;0;1;0;0;0;0;0;0;0;0;0;1;5;6;9;1;0;2;0;10;10;10;14;14;0;0;0;0;0;lock;1;1;0;0;BLE_CHANNEL_39;BLE_CHANNEL_39;BLE_CHANNEL_39;BLE_CHANNEL_39;UNKNOWN;UNKNOWN;UNKNOWN;UNKNOWN;UNKNOWN;0;
14:23:44:518;-65;-81;-92;-89;0;0;0;0;0;0;0;0;0;0;0;0;0;0;0;1;5;6;9;1;0;2;0;10;10;10;14;14;0;0;0;0;0;lock;1;1;0;0;BLE_CHANNEL_39;BLE_CHANNEL_39;BLE_CHANNEL_39;BLE_CHANNEL_39;UNKNOWN;UNKNOWN;UNKNOWN;UNKNOWN;UNKNOWN;0;
14:23:44:632;-64;-81;-92;-89;0;0;0;0;0;0;0;0;0;0;0;0;0;0;0;1;5;6;9;1;0;2;0;10;10;10;14;14;0;0;0;0;0;lock;1;1;0;0;BLE_CHANNEL_37;BLE_CHANNEL_39;BLE_CHANNEL_39;BLE_CHANNEL_39;UNKNOWN;UNKNOWN;UNKNOWN;UNKNOWN;UNKNOWN;0;
14:23:44:745;-64;-82;-92;-83;0;0;0;0;0;0;0;0;0;0;0;0;0;0;0;1;5;6;9;1;0;2;0;10;10;10;14;14;0;0;0;0;0;lock;1;1;0;0;BLE_CHANNEL_37;BLE_CHANNEL_37;BLE_CHANNEL_39;BLE_CHANNEL_37;UNKNOWN;UNKNOWN;UNKNOWN;UNKNOWN;UNKNOWN;0;
14:23:44:864;-64;-81;-92;-83;0;0;0;0;0;0;0;0;0;0;0;0;0;0;0;1;5;6;9;1;0;2;0;10;10;10;14;14;0;0;0;0;0;lock;1;1;0;0;BLE_CHANNEL_37;BLE_CHANNEL_37;BLE_CHANNEL_39;BLE_CHANNEL_37;UNKNOWN;UNKNOWN;UNKNOWN;UNKNOWN;UNKNOWN;0;
14:23:44:979;-64;-81;-96;-83;0;0;0;0;0;1;1;0;0;0;0;0;0;0;0;1;5;6;9;1;0;2;0;10;10;10;14;14;0;0;0;0;0;lock;1;1;0;0;BLE_CHANNEL_37;BLE_CHANNEL_37;BLE_CHANNEL_37;BLE_CHANNEL_37;UNKNOWN;UNKNOWN;UNKNOWN;UNKNOWN;UNKNOWN;0;
14:23:45:094;-64;-82;-96;-83;0;0;0;0;0;1;0;0;0;0;0;0;0;0;0;1;5;6;9;1;0;2;0;10;10;10;14;14;0;0;0;0;0;lock;1;1;0;0;BLE_CHANNEL_37;BLE_CHANNEL_37;BLE_CHANNEL_37;BLE_CHANNEL_37;UNKNOWN;UNKNOWN;UNKNOWN;UNKNOWN;UNKNOWN;0;
14:23:45:205;-64;-82;-96;-83;0;0;0;0;0;0;0;0;0;0;0;0;0;0;0;1;5;6;9;1;0;2;0;10;10;10;14;14;0;0;0;0;0;lock;1;1;0;0;BLE_CHANNEL_37;BLE_CHANNEL_37;BLE_CHANNEL_37;BLE_CHANNEL_37;UNKNOWN;UNKNOWN;UNKNOWN;UNKNOWN;UNKNOWN;0;
14:23:45:315;-64;-82;-95;-82;0;0;0;0;0;0;0;0;1;0;0;0;0;0;0;1;5;6;9;1;0;2;0;10;10;10;14;14;0;0;0;0;0;lock;1;1;0;0;BLE_CHANNEL_37;BLE_CHANNEL_37;BLE_CHANNEL_37;BLE_CHANNEL_37;UNKNOWN;UNKNOWN;UNKNOWN;UNKNOWN;UNKNOWN;0;
14:23:45:448;-64;-81;-95;-82;0;0;0;0;0;0;1;0;0;0;0;0;0;0;0;1;5;6;9;1;0;2;0;10;10;10;14;14;0;0;0;0;0;lock;1;1;0;0;BLE_CHANNEL_37;BLE_CHANNEL_37;BLE_CHANNEL_37;BLE_CHANNEL_37;UNKNOWN;UNKNOWN;UNKNOWN;UNKNOWN;UNKNOWN;0;
14:23:45:573;-64;-81;-95;-83;0;0;0;0;0;1;0;0;0;0;0;0;0;0;0;1;5;6;9;1;0;2;0;10;10;10;14;14;0;0;0;0;0;lock;1;1;0;0;BLE_CHANNEL_37;BLE_CHANNEL_37;BLE_CHANNEL_37;BLE_CHANNEL_37;UNKNOWN;UNKNOWN;UNKNOWN;UNKNOWN;UNKNOWN;0;
14:23:45:685;-64;-81;-95;-82;0;0;0;0;0;0;0;0;1;0;0;0;0;0;0;1;5;6;9;1;0;2;0;10;10;10;14;14;0;0;0;0;0;lock;1;1;0;0;BLE_CHANNEL_37;BLE_CHANNEL_37;BLE_CHANNEL_37;BLE_CHANNEL_37;UNKNOWN;UNKNOWN;UNKNOWN;UNKNOWN;UNKNOWN;0;
14:23:45:796;-64;-82;-95;-82;0;0;0;0;0;0;0;0;1;0;0;0;0;0;0;1;5;6;9;1;0;2;0;10;10;10;14;14;0;0;0;0;0;lock;1;1;0;0;BLE_CHANNEL_37;BLE_CHANNEL_37;BLE_CHANNEL_37;BLE_CHANNEL_37;UNKNOWN;UNKNOWN;UNKNOWN;UNKNOWN;UNKNOWN;0;
14:23:45:906;-64;-81;-95;-82;0;0;0;0;0;0;1;0;1;0;0;0;0;0;0;1;5;6;9;1;0;2;0;10;10;10;14;14;0;0;0;0;0;lock;1;1;0;0;BLE_CHANNEL_37;BLE_CHANNEL_37;BLE_CHANNEL_37;BLE_CHANNEL_37;UNKNOWN;UNKNOWN;UNKNOWN;UNKNOWN;UNKNOWN;0;
14:23:46:039;-64;-81;-95;-82;0;0;0;0;0;0;0;0;0;0;0;0;0;0;0;1;5;6;9;1;0;2;0;10;10;10;14;14;0;0;0;0;0;lock;1;1;0;0;BLE_CHANNEL_37;BLE_CHANNEL_37;BLE_CHANNEL_37;BLE_CHANNEL_37;UNKNOWN;UNKNOWN;UNKNOWN;UNKNOWN;UNKNOWN;0;
14:23:46:152;-64;-81;-95;-83;0;0;0;0;0;0;0;0;0;0;0;0;0;0;0;1;5;6;9;1;0;2;0;10;10;10;14;14;0;0;0;0;0;lock;1;1;0;0;BLE_CHANNEL_37;BLE_CHANNEL_37;BLE_CHANNEL_37;BLE_CHANNEL_37;UNKNOWN;UNKNOWN;UNKNOWN;UNKNOWN;UNKNOWN;0;
14:23:46:271;-64;-81;-94;-82;0;0;0;0;0;0;0;0;0;0;0;0;0;0;0;1;5;6;9;1;0;2;0;10;10;10;14;14;0;0;0;0;0;lock;1;1;0;0;BLE_CHANNEL_37;BLE_CHANNEL_37;BLE_CHANNEL_37;BLE_CHANNEL_37;UNKNOWN;UNKNOWN;UNKNOWN;UNKNOWN;UNKNOWN;0;
14:23:46:390;-64;-81;-94;-82;0;0;0;0;0;0;1;0;0;0;0;0;0;0;0;1;5;6;9;1;0;2;0;10;10;10;14;14;0;0;0;0;0;lock;1;1;0;0;BLE_CHANNEL_37;BLE_CHANNEL_37;BLE_CHANNEL_37;BLE_CHANNEL_37;UNKNOWN;UNKNOWN;UNKNOWN;UNKNOWN;UNKNOWN;0;
14:23:46:502;-64;-81;-94;-82;0;0;0;0;0;1;0;0;0;0;0;0;0;0;0;1;5;6;9;1;0;2;0;10;10;10;14;14;0;0;0;0;0;lock;1;1;0;0;BLE_CHANNEL_37;BLE_CHANNEL_37;BLE_CHANNEL_37;BLE_CHANNEL_37;UNKNOWN;UNKNOWN;UNKNOWN;UNKNOWN;UNKNOWN;0;
14:23:46:611;-64;-81;-94;-81;0;0;0;0;0;1;0;0;0;0;0;0;0;0;0;1;5;6;9;1;0;2;0;10;10;10;14;14;0;0;0;0;0;lock;1;1;0;0;BLE_CHANNEL_37;BLE_CHANNEL_37;BLE_CHANNEL_37;BLE_CHANNEL_37;UNKNOWN;UNKNOWN;UNKNOWN;UNKNOWN;UNKNOWN;0;
14:23:46:739;-64;-82;-94;-81;0;0;0;0;0;0;0;0;0;0;0;0;0;0;0;1;5;6;9;1;0;2;0;10;10;10;14;14;0;0;0;0;0;lock;1;1;0;0;BLE_CHANNEL_37;BLE_CHANNEL_37;BLE_CHANNEL_37;BLE_CHANNEL_37;UNKNOWN;UNKNOWN;UNKNOWN;UNKNOWN;UNKNOWN;0;
14:23:46:861;-64;-82;-94;-81;0;0;0;0;0;0;1;0;0;0;0;0;0;0;0;1;5;6;9;1;0;2;0;10;10;10;14;14;0;0;0;0;0;lock;1;1;0;0;BLE_CHANNEL_37;BLE_CHANNEL_37;BLE_CHANNEL_37;BLE_CHANNEL_37;UNKNOWN;UNKNOWN;UNKNOWN;UNKNOWN;UNKNOWN;0;
14:23:46:976;-64;-82;-96;-81;0;0;0;0;0;0;0;0;0;0;0;0;0;0;0;1;5;6;9;1;0;2;0;10;10;10;14;14;0;0;0;0;0;lock;1;1;0;0;BLE_CHANNEL_37;BLE_CHANNEL_37;BLE_CHANNEL_37;BLE_CHANNEL_37;UNKNOWN;UNKNOWN;UNKNOWN;UNKNOWN;UNKNOWN;0;
14:23:47:098;-64;-81;-93;-82;0;0;0;0;0;0;0;0;0;0;0;0;0;0;0;1;5;6;9;1;0;2;0;10;10;10;14;14;0;0;0;0;0;lock;1;1;0;0;BLE_CHANNEL_37;BLE_CHANNEL_37;BLE_CHANNEL_37;BLE_CHANNEL_37;UNKNOWN;UNKNOWN;UNKNOWN;UNKNOWN;UNKNOWN;0;
14:23:47:210;-64;-81;-93;-82;0;0;0;0;0;0;0;0;1;0;0;0;0;0;0;1;5;6;9;1;0;2;0;10;10;10;14;14;0;0;0;0;0;lock;1;1;0;0;BLE_CHANNEL_37;BLE_CHANNEL_37;BLE_CHANNEL_37;BLE_CHANNEL_37;UNKNOWN;UNKNOWN;UNKNOWN;UNKNOWN;UNKNOWN;0;
14:23:47:323;-64;-81;-94;-82;0;0;0;0;0;0;1;0;0;0;0;0;0;0;0;1;5;6;9;1;0;2;0;10;10;10;14;14;0;0;0;0;0;lock;1;1;0;0;BLE_CHANNEL_37;BLE_CHANNEL_37;BLE_CHANNEL_37;BLE_CHANNEL_37;UNKNOWN;UNKNOWN;UNKNOWN;UNKNOWN;UNKNOWN;0;
14:23:47:445;-64;-82;-94;-82;0;0;0;0;0;0;0;0;0;0;0;0;0;0;0;1;5;6;9;1;0;2;0;10;10;10;14;14;0;0;0;0;0;lock;1;1;0;0;BLE_CHANNEL_37;BLE_CHANNEL_37;BLE_CHANNEL_37;BLE_CHANNEL_37;UNKNOWN;UNKNOWN;UNKNOWN;UNKNOWN;UNKNOWN;0;
14:23:47:559;-64;-82;-97;-82;0;0;0;0;0;1;0;0;0;0;0;0;0;0;0;1;5;6;9;1;0;2;0;10;10;10;14;14;0;0;0;0;0;lock;1;1;0;0;BLE_CHANNEL_37;BLE_CHANNEL_37;BLE_CHANNEL_37;BLE_CHANNEL_37;UNKNOWN;UNKNOWN;UNKNOWN;UNKNOWN;UNKNOWN;0;
14:23:47:670;-65;-82;-97;-83;0;0;0;0;0;0;0;0;0;0;0;0;0;0;0;1;5;6;9;1;0;2;0;10;10;10;14;14;0;0;0;0;0;lock;1;1;0;0;BLE_CHANNEL_37;BLE_CHANNEL_37;BLE_CHANNEL_37;BLE_CHANNEL_37;UNKNOWN;UNKNOWN;UNKNOWN;UNKNOWN;UNKNOWN;0;
14:23:47:779;-64;-82;-95;-82;0;0;0;0;0;0;0;0;1;0;0;0;0;0;0;1;5;6;9;1;0;2;0;10;10;10;14;14;0;0;0;0;0;lock;1;1;0;0;BLE_CHANNEL_37;BLE_CHANNEL_37;BLE_CHANNEL_37;BLE_CHANNEL_37;UNKNOWN;UNKNOWN;UNKNOWN;UNKNOWN;UNKNOWN;0;
14:23:47:899;-64;-81;-95;-83;0;0;0;0;0;0;0;0;0;0;0;0;0;0;0;1;5;6;9;1;0;2;0;10;10;10;14;14;0;0;0;0;0;lock;1;1;0;0;BLE_CHANNEL_37;BLE_CHANNEL_37;BLE_CHANNEL_37;BLE_CHANNEL_37;UNKNOWN;UNKNOWN;UNKNOWN;UNKNOWN;UNKNOWN;0;
14:23:48:012;-65;-81;-96;-83;0;0;0;0;0;1;0;0;0;0;0;0;0;0;0;1;5;6;9;1;0;2;0;10;10;10;14;14;0;0;0;0;0;lock;1;1;0;0;BLE_CHANNEL_37;BLE_CHANNEL_37;BLE_CHANNEL_37;BLE_CHANNEL_37;UNKNOWN;UNKNOWN;UNKNOWN;UNKNOWN;UNKNOWN;0;
14:23:48:122;-64;-81;-96;-83;0;0;0;0;0;0;0;0;0;0;0;0;0;0;0;1;5;6;9;1;0;2;0;10;10;10;14;14;0;0;0;0;0;lock;1;1;0;0;BLE_CHANNEL_37;BLE_CHANNEL_37;BLE_CHANNEL_37;BLE_CHANNEL_37;UNKNOWN;UNKNOWN;UNKNOWN;UNKNOWN;UNKNOWN;0;
14:23:48:232;-65;-82;-94;-84;0;0;0;0;0;0;0;0;0;0;0;0;0;0;0;1;5;6;9;1;0;2;0;10;10;10;14;14;0;0;0;0;0;lock;1;1;0;0;BLE_CHANNEL_37;BLE_CHANNEL_37;BLE_CHANNEL_37;BLE_CHANNEL_37;UNKNOWN;UNKNOWN;UNKNOWN;UNKNOWN;UNKNOWN;0;
14:23:48:344;-64;-82;-94;-83;0;0;0;0;0;0;0;0;0;0;0;0;0;0;0;1;5;6;9;1;0;2;0;10;10;10;14;14;0;0;0;0;0;lock;1;1;0;0;BLE_CHANNEL_37;BLE_CHANNEL_37;BLE_CHANNEL_37;BLE_CHANNEL_37;UNKNOWN;UNKNOWN;UNKNOWN;UNKNOWN;UNKNOWN;0;
14:23:48:462;-64;-81;-94;-83;0;0;0;0;0;0;1;0;0;0;0;0;0;0;0;1;5;6;9;1;0;2;0;10;10;10;14;14;0;0;0;0;0;lock;1;1;0;0;BLE_CHANNEL_37;BLE_CHANNEL_37;BLE_CHANNEL_37;BLE_CHANNEL_37;UNKNOWN;UNKNOWN;UNKNOWN;UNKNOWN;UNKNOWN;0;
14:23:48:579;-64;-81;-96;-83;0;0;0;0;0;0;0;0;0;0;0;0;0;0;0;1;5;6;9;1;0;2;0;10;10;10;14;14;0;0;0;0;0;lock;1;1;0;0;BLE_CHANNEL_37;BLE_CHANNEL_37;BLE_CHANNEL_37;BLE_CHANNEL_37;UNKNOWN;UNKNOWN;UNKNOWN;UNKNOWN;UNKNOWN;0;
14:23:48:700;-64;-81;-96;-82;0;0;0;0;0;0;0;0;0;0;0;0;0;0;0;1;5;6;9;1;0;2;0;10;10;10;14;14;0;0;0;0;0;lock;1;1;0;0;BLE_CHANNEL_37;BLE_CHANNEL_37;BLE_CHANNEL_37;BLE_CHANNEL_37;UNKNOWN;UNKNOWN;UNKNOWN;UNKNOWN;UNKNOWN;0;
14:23:48:811;-64;-81;-94;-83;0;0;0;0;0;0;0;0;0;0;0;0;0;0;0;1;5;6;9;1;0;2;0;10;10;10;14;14;0;0;0;0;0;lock;1;1;0;0;BLE_CHANNEL_37;BLE_CHANNEL_37;BLE_CHANNEL_37;BLE_CHANNEL_37;UNKNOWN;UNKNOWN;UNKNOWN;UNKNOWN;UNKNOWN;0;
14:23:48:921;-64;-82;-94;-82;0;0;0;0;0;0;1;0;1;0;0;0;0;0;0;1;5;6;9;1;0;2;0;10;10;10;14;14;0;0;0;0;0;lock;1;1;0;0;BLE_CHANNEL_37;BLE_CHANNEL_37;BLE_CHANNEL_37;BLE_CHANNEL_37;UNKNOWN;UNKNOWN;UNKNOWN;UNKNOWN;UNKNOWN;0;
14:23:49:032;-64;-81;-94;-82;0;0;0;0;0;0;0;1;0;0;0;0;0;0;0;1;5;6;9;1;0;2;0;10;10;10;14;14;0;0;0;0;0;lock;1;1;0;0;BLE_CHANNEL_37;BLE_CHANNEL_37;BLE_CHANNEL_37;BLE_CHANNEL_37;UNKNOWN;UNKNOWN;UNKNOWN;UNKNOWN;UNKNOWN;0;
14:23:49:158;-64;-82;-94;-82;0;0;0;0;0;0;0;0;0;0;0;0;0;0;0;1;5;6;9;1;0;2;0;10;10;10;14;14;0;0;0;0;0;lock;1;1;0;0;BLE_CHANNEL_37;BLE_CHANNEL_37;BLE_CHANNEL_37;BLE_CHANNEL_37;UNKNOWN;UNKNOWN;UNKNOWN;UNKNOWN;UNKNOWN;0;
14:23:49:271;-64;-82;-93;-82;0;0;0;0;0;0;0;0;0;0;0;0;0;0;0;1;5;6;9;1;0;2;0;10;10;10;14;14;0;0;0;0;0;lock;1;1;0;0;BLE_CHANNEL_37;BLE_CHANNEL_37;BLE_CHANNEL_37;BLE_CHANNEL_37;UNKNOWN;UNKNOWN;UNKNOWN;UNKNOWN;UNKNOWN;0;
14:23:49:406;-64;-82;-93;-82;0;0;0;0;0;0;0;0;1;0;0;0;0;0;0;1;5;6;9;1;0;2;0;10;10;10;14;14;0;0;0;0;0;lock;1;1;0;0;BLE_CHANNEL_37;BLE_CHANNEL_37;BLE_CHANNEL_37;BLE_CHANNEL_37;UNKNOWN;UNKNOWN;UNKNOWN;UNKNOWN;UNKNOWN;0;
14:23:49:518;-64;-82;-98;-81;0;0;0;0;0;1;0;0;0;0;0;0;0;0;0;1;5;6;9;1;0;2;0;10;10;10;14;14;0;0;0;0;0;lock;1;1;0;0;BLE_CHANNEL_37;BLE_CHANNEL_37;BLE_CHANNEL_37;BLE_CHANNEL_37;UNKNOWN;UNKNOWN;UNKNOWN;UNKNOWN;UNKNOWN;0;
14:23:49:640;-64;-84;-98;-78;0;0;0;0;0;0;1;0;0;0;0;0;0;0;0;1;5;6;9;1;0;2;0;10;10;10;14;14;0;0;0;0;0;lock;1;1;0;0;BLE_CHANNEL_37;BLE_CHANNEL_38;BLE_CHANNEL_37;BLE_CHANNEL_38;UNKNOWN;UNKNOWN;UNKNOWN;UNKNOWN;UNKNOWN;0;
14:23:49:752;-61;-84;-98;-77;0;0;0;0;0;1;0;0;0;0;0;0;0;0;0;1;5;6;9;1;0;2;0;10;10;10;14;14;0;0;0;0;0;lock;1;1;0;0;BLE_CHANNEL_38;BLE_CHANNEL_38;BLE_CHANNEL_37;BLE_CHANNEL_38;UNKNOWN;UNKNOWN;UNKNOWN;UNKNOWN;UNKNOWN;0;
14:23:49:861;-61;-84;-98;-77;0;0;0;0;0;0;0;0;0;0;0;0;0;0;0;1;5;6;9;1;0;2;0;10;10;10;14;14;0;0;0;0;0;lock;1;1;0;0;BLE_CHANNEL_38;BLE_CHANNEL_38;BLE_CHANNEL_37;BLE_CHANNEL_38;UNKNOWN;UNKNOWN;UNKNOWN;UNKNOWN;UNKNOWN;0;
14:23:49:976;-61;-84;-98;-78;0;0;0;0;0;0;0;0;0;0;0;0;0;0;0;1;5;6;9;1;0;2;0;10;10;10;14;14;0;0;0;0;0;lock;1;1;0;0;BLE_CHANNEL_38;BLE_CHANNEL_38;BLE_CHANNEL_37;BLE_CHANNEL_38;UNKNOWN;UNKNOWN;UNKNOWN;UNKNOWN;UNKNOWN;0;
14:23:50:097;-61;-84;-98;-78;0;0;0;0;0;0;0;0;1;0;0;0;0;0;0;1;5;6;9;1;0;2;0;10;10;10;14;14;0;0;0;0;0;lock;1;1;0;0;BLE_CHANNEL_38;BLE_CHANNEL_38;BLE_CHANNEL_37;BLE_CHANNEL_38;UNKNOWN;UNKNOWN;UNKNOWN;UNKNOWN;UNKNOWN;0;
14:23:50:207;-61;-84;-98;-78;0;0;0;0;0;0;0;0;0;0;0;0;0;0;0;1;5;6;9;1;0;2;0;10;10;10;14;14;0;0;0;0;0;lock;1;1;0;0;BLE_CHANNEL_38;BLE_CHANNEL_38;BLE_CHANNEL_37;BLE_CHANNEL_38;UNKNOWN;UNKNOWN;UNKNOWN;UNKNOWN;UNKNOWN;0;
14:23:50:317;-61;-84;-98;-77;0;0;0;0;0;1;0;0;0;0;0;0;0;0;0;1;5;6;9;1;0;2;0;10;10;10;14;14;0;0;0;0;0;lock;1;1;0;0;BLE_CHANNEL_38;BLE_CHANNEL_38;BLE_CHANNEL_37;BLE_CHANNEL_38;UNKNOWN;UNKNOWN;UNKNOWN;UNKNOWN;UNKNOWN;0;
14:23:50:440;-61;-85;-98;-77;0;0;0;0;0;0;0;0;0;0;0;0;0;0;0;1;5;6;9;1;0;2;0;10;10;10;14;14;0;0;0;0;0;lock;1;1;0;0;BLE_CHANNEL_38;BLE_CHANNEL_38;BLE_CHANNEL_37;BLE_CHANNEL_38;UNKNOWN;UNKNOWN;UNKNOWN;UNKNOWN;UNKNOWN;0;
14:23:50:561;-61;-84;-98;-77;0;0;0;0;0;0;0;0;1;0;0;0;0;0;0;1;5;6;9;1;0;2;0;10;10;10;14;14;0;0;0;0;0;lock;1;1;0;0;BLE_CHANNEL_38;BLE_CHANNEL_38;BLE_CHANNEL_37;BLE_CHANNEL_38;UNKNOWN;UNKNOWN;UNKNOWN;UNKNOWN;UNKNOWN;0;
14:23:50:679;-61;-85;-98;-77;0;0;0;0;0;0;1;0;0;0;0;0;0;0;0;1;5;6;9;1;0;2;0;10;10;10;14;14;0;0;0;0;0;lock;1;1;0;0;BLE_CHANNEL_38;BLE_CHANNEL_38;BLE_CHANNEL_37;BLE_CHANNEL_38;UNKNOWN;UNKNOWN;UNKNOWN;UNKNOWN;UNKNOWN;0;
14:23:50:789;-61;-85;-98;-78;0;0;0;0;0;0;0;0;0;0;0;0;0;0;0;1;5;6;9;1;0;2;0;10;10;10;14;14;0;0;0;0;0;lock;1;1;0;0;BLE_CHANNEL_38;BLE_CHANNEL_38;BLE_CHANNEL_37;BLE_CHANNEL_38;UNKNOWN;UNKNOWN;UNKNOWN;UNKNOWN;UNKNOWN;0;
14:23:50:902;-61;-84;-98;-78;0;0;0;0;0;0;0;0;0;0;0;0;0;0;0;1;5;6;9;1;0;2;0;10;10;10;14;14;0;0;0;0;0;lock;1;1;0;0;BLE_CHANNEL_38;BLE_CHANNEL_38;BLE_CHANNEL_37;BLE_CHANNEL_38;UNKNOWN;UNKNOWN;UNKNOWN;UNKNOWN;UNKNOWN;0;
14:23:51:024;-61;-84;-98;-77;0;0;0;0;0;0;0;0;0;0;0;0;0;0;0;1;5;6;9;1;0;2;0;10;10;10;14;14;0;0;0;0;0;lock;1;1;0;0;BLE_CHANNEL_38;BLE_CHANNEL_38;BLE_CHANNEL_37;BLE_CHANNEL_38;UNKNOWN;UNKNOWN;UNKNOWN;UNKNOWN;UNKNOWN;0;
14:23:51:139;-61;-84;-98;-78;0;0;0;0;0;0;1;0;1;0;0;0;0;0;0;1;5;6;9;1;0;2;0;10;10;10;14;14;0;0;0;0;0;lock;1;1;0;0;BLE_CHANNEL_38;BLE_CHANNEL_38;BLE_CHANNEL_37;BLE_CHANNEL_38;UNKNOWN;UNKNOWN;UNKNOWN;UNKNOWN;UNKNOWN;0;
14:23:51:257;-61;-84;-98;-77;0;0;0;0;0;0;0;0;0;0;0;0;0;0;0;1;5;6;9;1;0;2;0;10;10;10;14;14;0;0;0;0;0;lock;1;1;0;0;BLE_CHANNEL_38;BLE_CHANNEL_38;BLE_CHANNEL_37;BLE_CHANNEL_38;UNKNOWN;UNKNOWN;UNKNOWN;UNKNOWN;UNKNOWN;0;
14:23:51:371;-61;-84;-98;-77;0;0;0;0;0;0;0;0;0;0;0;0;0;0;0;1;5;6;9;1;0;2;0;10;10;10;14;14;0;0;0;0;0;lock;1;1;0;0;BLE_CHANNEL_38;BLE_CHANNEL_38;BLE_CHANNEL_37;BLE_CHANNEL_38;UNKNOWN;UNKNOWN;UNKNOWN;UNKNOWN;UNKNOWN;0;
14:23:51:490;-62;-84;-98;-78;0;0;0;0;0;0;0;0;0;0;0;0;0;0;0;1;5;6;9;1;0;2;0;10;10;10;14;14;0;0;0;0;0;lock;1;1;0;0;BLE_CHANNEL_38;BLE_CHANNEL_38;BLE_CHANNEL_37;BLE_CHANNEL_38;UNKNOWN;UNKNOWN;UNKNOWN;UNKNOWN;UNKNOWN;0;
14:23:51:604;-62;-84;-98;-77;0;0;0;0;0;0;1;0;1;0;0;0;0;0;0;1;5;6;9;1;0;2;0;10;10;10;14;14;0;0;0;0;0;lock;1;1;0;0;BLE_CHANNEL_38;BLE_CHANNEL_38;BLE_CHANNEL_37;BLE_CHANNEL_38;UNKNOWN;UNKNOWN;UNKNOWN;UNKNOWN;UNKNOWN;0;
14:23:51:742;-61;-85;-98;-78;0;0;0;0;0;1;0;0;0;0;0;0;0;0;0;1;5;6;9;1;0;2;0;10;10;10;14;14;0;0;0;0;0;lock;1;1;0;0;BLE_CHANNEL_38;BLE_CHANNEL_38;BLE_CHANNEL_37;BLE_CHANNEL_38;UNKNOWN;UNKNOWN;UNKNOWN;UNKNOWN;UNKNOWN;0;
14:23:51:858;-61;-84;-98;-77;0;0;0;0;0;0;0;0;0;0;0;0;0;0;0;1;5;6;9;1;0;2;0;10;10;10;14;14;0;0;0;0;0;lock;1;1;0;0;BLE_CHANNEL_38;BLE_CHANNEL_38;BLE_CHANNEL_37;BLE_CHANNEL_38;UNKNOWN;UNKNOWN;UNKNOWN;UNKNOWN;UNKNOWN;0;
14:23:51:972;-61;-84;-98;-77;0;0;0;0;0;0;0;0;0;0;0;0;0;0;0;1;5;6;9;1;0;2;0;10;10;10;14;14;0;0;0;0;0;lock;1;1;0;0;BLE_CHANNEL_38;BLE_CHANNEL_38;BLE_CHANNEL_37;BLE_CHANNEL_38;UNKNOWN;UNKNOWN;UNKNOWN;UNKNOWN;UNKNOWN;0;
14:23:52:082;-61;-85;-98;-77;0;0;0;0;0;0;1;0;1;0;0;0;0;0;0;1;5;6;9;1;0;2;0;10;10;10;14;14;0;0;0;0;0;lock;1;1;0;0;BLE_CHANNEL_38;BLE_CHANNEL_38;BLE_CHANNEL_37;BLE_CHANNEL_38;UNKNOWN;UNKNOWN;UNKNOWN;UNKNOWN;UNKNOWN;0;
14:23:52:191;-61;-84;-98;-77;0;0;0;0;0;1;0;0;0;0;0;0;0;0;0;1;5;6;9;1;0;2;0;10;10;10;14;14;0;0;0;0;0;lock;1;1;0;0;BLE_CHANNEL_38;BLE_CHANNEL_38;BLE_CHANNEL_37;BLE_CHANNEL_38;UNKNOWN;UNKNOWN;UNKNOWN;UNKNOWN;UNKNOWN;0;
14:23:52:303;-61;-84;-98;-77;0;0;0;0;0;0;0;0;0;0;0;0;0;0;0;1;5;6;9;1;0;2;0;10;10;10;14;14;0;0;0;0;0;lock;1;1;0;0;BLE_CHANNEL_38;BLE_CHANNEL_38;BLE_CHANNEL_37;BLE_CHANNEL_38;UNKNOWN;UNKNOWN;UNKNOWN;UNKNOWN;UNKNOWN;0;
14:23:52:415;-61;-84;-98;-78;0;0;0;0;0;0;0;0;0;0;0;0;0;0;0;1;5;6;9;1;0;2;0;10;10;10;14;14;0;0;0;0;0;lock;1;1;0;0;BLE_CHANNEL_38;BLE_CHANNEL_38;BLE_CHANNEL_37;BLE_CHANNEL_38;UNKNOWN;UNKNOWN;UNKNOWN;UNKNOWN;UNKNOWN;0;
14:23:52:526;-61;-83;-98;-77;0;0;0;0;0;0;0;0;0;0;0;0;0;0;0;1;5;6;9;1;0;2;0;10;10;10;14;14;0;0;0;0;0;lock;1;1;0;0;BLE_CHANNEL_38;BLE_CHANNEL_38;BLE_CHANNEL_37;BLE_CHANNEL_38;UNKNOWN;UNKNOWN;UNKNOWN;UNKNOWN;UNKNOWN;0;
14:23:52:643;-61;-84;-98;-77;0;0;0;0;0;0;1;0;1;0;0;0;0;0;0;1;5;6;9;1;0;2;0;10;10;10;14;14;0;0;0;0;0;lock;1;1;0;0;BLE_CHANNEL_38;BLE_CHANNEL_38;BLE_CHANNEL_37;BLE_CHANNEL_38;UNKNOWN;UNKNOWN;UNKNOWN;UNKNOWN;UNKNOWN;0;
14:23:52:761;-61;-84;-98;-78;0;0;0;0;0;1;0;0;0;0;0;0;0;0;0;1;5;6;9;1;0;2;0;10;10;10;14;14;0;0;0;0;0;lock;1;1;0;0;BLE_CHANNEL_38;BLE_CHANNEL_38;BLE_CHANNEL_37;BLE_CHANNEL_38;UNKNOWN;UNKNOWN;UNKNOWN;UNKNOWN;UNKNOWN;0;
14:23:52:879;-61;-84;-98;-77;0;0;0;0;0;0;0;0;0;0;0;0;0;0;0;1;5;6;9;1;0;2;0;10;10;10;14;14;0;0;0;0;0;lock;1;1;0;0;BLE_CHANNEL_38;BLE_CHANNEL_38;BLE_CHANNEL_37;BLE_CHANNEL_38;UNKNOWN;UNKNOWN;UNKNOWN;UNKNOWN;UNKNOWN;0;
14:23:52:991;-61;-84;-98;-77;0;0;0;0;0;0;0;0;0;0;0;0;0;0;0;1;5;6;9;1;0;2;0;10;10;10;14;14;0;0;0;0;0;lock;1;1;0;0;BLE_CHANNEL_38;BLE_CHANNEL_38;BLE_CHANNEL_37;BLE_CHANNEL_38;UNKNOWN;UNKNOWN;UNKNOWN;UNKNOWN;UNKNOWN;0;
14:23:53:104;-61;-84;-98;-78;0;0;0;0;0;0;1;0;1;0;0;0;0;0;0;1;5;6;9;1;0;2;0;10;10;10;14;14;0;0;0;0;0;lock;1;1;0;0;BLE_CHANNEL_38;BLE_CHANNEL_38;BLE_CHANNEL_37;BLE_CHANNEL_38;UNKNOWN;UNKNOWN;UNKNOWN;UNKNOWN;UNKNOWN;0;
14:23:53:217;-61;-84;-98;-78;0;0;0;0;0;0;1;0;1;0;0;0;0;0;0;1;5;6;9;1;0;2;0;10;10;10;14;14;0;0;0;0;0;lock;1;1;0;0;BLE_CHANNEL_38;BLE_CHANNEL_38;BLE_CHANNEL_37;BLE_CHANNEL_38;UNKNOWN;UNKNOWN;UNKNOWN;UNKNOWN;UNKNOWN;0;
14:23:53:349;-61;-83;-98;-78;0;0;0;0;0;1;0;0;0;0;0;0;0;0;0;1;5;6;9;1;0;2;0;10;10;10;14;14;0;0;0;0;0;lock;1;1;0;0;BLE_CHANNEL_38;BLE_CHANNEL_38;BLE_CHANNEL_37;BLE_CHANNEL_38;UNKNOWN;UNKNOWN;UNKNOWN;UNKNOWN;UNKNOWN;0;
14:23:53:469;-61;-83;-98;-78;0;0;0;0;0;0;0;0;0;0;0;0;0;0;0;1;5;6;9;1;0;2;0;10;10;10;14;14;0;0;0;0;0;lock;1;1;0;0;BLE_CHANNEL_38;BLE_CHANNEL_38;BLE_CHANNEL_37;BLE_CHANNEL_38;UNKNOWN;UNKNOWN;UNKNOWN;UNKNOWN;UNKNOWN;0;
14:23:53:591;-61;-84;-98;-77;0;0;0;0;0;0;0;0;1;0;0;0;0;0;0;1;5;6;9;1;0;2;0;10;10;10;14;14;0;0;0;0;0;lock;1;1;0;0;BLE_CHANNEL_38;BLE_CHANNEL_38;BLE_CHANNEL_37;BLE_CHANNEL_38;UNKNOWN;UNKNOWN;UNKNOWN;UNKNOWN;UNKNOWN;0;
14:23:53:703;-61;-84;-98;-77;0;0;0;0;0;1;0;0;0;0;0;0;0;0;0;1;5;6;9;1;0;2;0;10;10;10;14;14;0;0;0;0;0;lock;1;1;0;0;BLE_CHANNEL_38;BLE_CHANNEL_38;BLE_CHANNEL_37;BLE_CHANNEL_38;UNKNOWN;UNKNOWN;UNKNOWN;UNKNOWN;UNKNOWN;0;
14:23:53:814;-61;-84;-98;-78;0;0;0;0;0;1;0;0;0;0;0;0;0;0;0;1;5;6;9;1;0;2;0;10;10;10;14;14;0;0;0;0;0;lock;1;1;0;0;BLE_CHANNEL_38;BLE_CHANNEL_38;BLE_CHANNEL_37;BLE_CHANNEL_38;UNKNOWN;UNKNOWN;UNKNOWN;UNKNOWN;UNKNOWN;0;
14:23:53:935;-61;-84;-98;-78;0;0;0;0;0;0;0;0;0;0;0;0;0;0;0;1;5;6;9;1;0;2;0;10;10;10;14;14;0;0;0;0;0;lock;1;1;0;0;BLE_CHANNEL_38;BLE_CHANNEL_38;BLE_CHANNEL_37;BLE_CHANNEL_38;UNKNOWN;UNKNOWN;UNKNOWN;UNKNOWN;UNKNOWN;0;
14:23:54:050;-61;-84;-98;-78;0;0;0;0;0;0;1;0;0;0;0;0;0;0;0;1;5;6;9;1;0;2;0;10;10;10;14;14;0;0;0;0;0;lock;1;1;0;0;BLE_CHANNEL_38;BLE_CHANNEL_38;BLE_CHANNEL_37;BLE_CHANNEL_38;UNKNOWN;UNKNOWN;UNKNOWN;UNKNOWN;UNKNOWN;0;
14:23:54:164;-61;-84;-98;-77;0;0;0;0;0;0;1;0;1;0;0;0;0;0;0;1;5;6;9;1;0;2;0;10;10;10;14;14;0;0;0;0;0;lock;1;1;0;0;BLE_CHANNEL_38;BLE_CHANNEL_38;BLE_CHANNEL_37;BLE_CHANNEL_38;UNKNOWN;UNKNOWN;UNKNOWN;UNKNOWN;UNKNOWN;0;
14:23:54:278;-61;-85;-98;-77;0;0;0;0;0;1;0;0;0;0;0;0;0;0;0;1;5;6;9;1;0;2;0;10;10;10;14;14;0;0;0;0;0;lock;1;1;0;0;BLE_CHANNEL_38;BLE_CHANNEL_38;BLE_CHANNEL_37;BLE_CHANNEL_38;UNKNOWN;UNKNOWN;UNKNOWN;UNKNOWN;UNKNOWN;0;
14:23:54:403;-61;-85;-98;-78;0;0;0;0;0;0;0;0;0;0;0;0;0;0;0;1;5;6;9;1;0;2;0;10;10;10;14;14;0;0;0;0;0;lock;1;1;0;0;BLE_CHANNEL_38;BLE_CHANNEL_38;BLE_CHANNEL_37;BLE_CHANNEL_38;UNKNOWN;UNKNOWN;UNKNOWN;UNKNOWN;UNKNOWN;0;
14:23:54:539;-60;-85;-98;-78;0;0;0;0;0;0;0;0;0;0;0;0;0;0;0;1;5;6;9;1;0;2;0;10;10;10;14;14;0;0;0;0;0;lock;1;1;0;0;BLE_CHANNEL_38;BLE_CHANNEL_38;BLE_CHANNEL_37;BLE_CHANNEL_38;UNKNOWN;UNKNOWN;UNKNOWN;UNKNOWN;UNKNOWN;0;
14:23:54:650;-61;-81;-91;-87;0;0;0;0;0;0;1;1;1;0;0;0;0;0;0;1;5;6;9;1;0;2;0;10;10;10;14;14;0;0;0;0;0;lock;1;1;0;0;BLE_CHANNEL_38;BLE_CHANNEL_39;BLE_CHANNEL_39;BLE_CHANNEL_39;UNKNOWN;UNKNOWN;UNKNOWN;UNKNOWN;UNKNOWN;0;
14:23:54:760;-66;-81;-89;-86;0;0;0;0;0;1;1;1;1;0;0;0;0;0;0;1;5;6;9;1;0;2;0;10;10;10;14;14;0;0;0;0;0;lock;1;1;0;0;BLE_CHANNEL_39;BLE_CHANNEL_39;BLE_CHANNEL_39;BLE_CHANNEL_39;UNKNOWN;UNKNOWN;UNKNOWN;UNKNOWN;UNKNOWN;0;
14:23:54:871;-66;-80;-90;-87;0;0;0;0;0;1;0;0;0;0;0;0;0;0;0;1;5;6;9;1;0;2;0;10;10;10;14;14;0;0;0;0;0;lock;1;1;0;0;BLE_CHANNEL_39;BLE_CHANNEL_39;BLE_CHANNEL_39;BLE_CHANNEL_39;UNKNOWN;UNKNOWN;UNKNOWN;UNKNOWN;UNKNOWN;0;
14:23:54:985;-66;-80;-89;-86;0;0;0;0;0;0;0;0;0;0;0;0;0;0;0;1;5;6;9;1;0;2;0;10;10;10;14;14;0;0;0;0;0;lock;1;1;0;0;BLE_CHANNEL_39;BLE_CHANNEL_39;BLE_CHANNEL_39;BLE_CHANNEL_39;UNKNOWN;UNKNOWN;UNKNOWN;UNKNOWN;UNKNOWN;0;
14:23:55:103;-66;-80;-90;-85;0;0;0;0;0;0;0;0;0;0;0;0;0;0;0;1;5;6;9;1;0;2;0;10;10;10;14;14;0;0;0;0;0;lock;1;1;0;0;BLE_CHANNEL_39;BLE_CHANNEL_39;BLE_CHANNEL_39;BLE_CHANNEL_39;UNKNOWN;UNKNOWN;UNKNOWN;UNKNOWN;UNKNOWN;0;
14:23:55:231;-65;-80;-89;-86;0;0;0;0;0;0;1;0;1;0;0;0;0;0;0;1;5;6;9;1;0;2;0;10;10;10;14;14;0;0;0;0;0;lock;1;1;0;0;BLE_CHANNEL_39;BLE_CHANNEL_39;BLE_CHANNEL_39;BLE_CHANNEL_39;UNKNOWN;UNKNOWN;UNKNOWN;UNKNOWN;UNKNOWN;0;
14:23:55:341;-65;-80;-91;-86;0;0;0;0;0;1;0;1;0;0;0;0;0;0;0;1;5;6;9;1;0;2;0;10;10;10;14;14;0;0;0;0;0;lock;1;1;0;0;BLE_CHANNEL_39;BLE_CHANNEL_39;BLE_CHANNEL_39;BLE_CHANNEL_39;UNKNOWN;UNKNOWN;UNKNOWN;UNKNOWN;UNKNOWN;0;
14:23:55:452;-65;-79;-91;-86;0;0;0;0;0;1;0;0;0;0;0;0;0;0;0;1;5;6;9;1;0;2;0;10;10;10;14;14;0;0;0;0;0;lock;1;1;0;0;BLE_CHANNEL_39;BLE_CHANNEL_39;BLE_CHANNEL_39;BLE_CHANNEL_39;UNKNOWN;UNKNOWN;UNKNOWN;UNKNOWN;UNKNOWN;0;
14:23:55:563;-66;-79;-90;-86;0;0;0;0;0;0;0;0;0;0;0;0;0;0;0;1;5;6;9;1;0;2;0;10;10;10;14;14;0;0;0;0;0;lock;1;1;0;0;BLE_CHANNEL_39;BLE_CHANNEL_39;BLE_CHANNEL_39;BLE_CHANNEL_39;UNKNOWN;UNKNOWN;UNKNOWN;UNKNOWN;UNKNOWN;0;
14:23:55:673;-65;-80;-90;-86;0;0;0;0;0;0;0;0;0;0;0;0;0;0;0;1;5;6;9;1;0;2;0;10;10;10;14;14;0;0;0;0;0;lock;1;1;0;0;BLE_CHANNEL_39;BLE_CHANNEL_39;BLE_CHANNEL_39;BLE_CHANNEL_39;UNKNOWN;UNKNOWN;UNKNOWN;UNKNOWN;UNKNOWN;0;
14:23:55:782;-66;-80;-90;-87;0;0;0;0;0;0;1;1;1;0;0;0;0;0;0;1;5;6;9;1;0;2;0;10;10;10;14;14;0;0;0;0;0;lock;1;1;0;0;BLE_CHANNEL_39;BLE_CHANNEL_39;BLE_CHANNEL_39;BLE_CHANNEL_39;UNKNOWN;UNKNOWN;UNKNOWN;UNKNOWN;UNKNOWN;0;
14:23:55:892;-66;-80;-91;-87;0;0;0;0;0;1;0;1;1;0;0;0;0;0;0;1;5;6;9;1;0;2;0;10;10;10;14;14;0;0;0;0;0;lock;1;1;0;0;BLE_CHANNEL_39;BLE_CHANNEL_39;BLE_CHANNEL_39;BLE_CHANNEL_39;UNKNOWN;UNKNOWN;UNKNOWN;UNKNOWN;UNKNOWN;0;
14:23:56:003;-66;-80;-91;-87;0;0;0;0;0;1;0;0;0;0;0;0;0;0;0;1;5;6;9;1;0;2;0;10;10;10;14;14;0;0;0;0;0;lock;1;1;0;0;BLE_CHANNEL_39;BLE_CHANNEL_39;BLE_CHANNEL_39;BLE_CHANNEL_39;UNKNOWN;UNKNOWN;UNKNOWN;UNKNOWN;UNKNOWN;0;
14:23:56:125;-66;-79;-91;-86;0;0;0;0;0;0;0;0;0;0;0;0;0;0;0;1;5;6;9;1;0;2;0;10;10;10;14;14;0;0;0;0;0;lock;1;1;0;0;BLE_CHANNEL_39;BLE_CHANNEL_39;BLE_CHANNEL_39;BLE_CHANNEL_39;UNKNOWN;UNKNOWN;UNKNOWN;UNKNOWN;UNKNOWN;0;
14:23:56:242;-66;-81;-91;-87;0;0;0;0;0;0;0;0;0;0;0;0;0;0;0;1;5;6;9;1;0;2;0;10;10;10;14;14;0;0;0;0;0;lock;1;1;0;0;BLE_CHANNEL_39;BLE_CHANNEL_39;BLE_CHANNEL_39;BLE_CHANNEL_39;UNKNOWN;UNKNOWN;UNKNOWN;UNKNOWN;UNKNOWN;0;
14:23:56:354;-66;-80;-91;-85;0;0;0;0;0;0;1;0;1;0;0;0;0;0;0;1;5;6;9;1;0;2;0;10;10;10;14;14;0;0;0;0;0;lock;1;1;0;0;BLE_CHANNEL_39;BLE_CHANNEL_39;BLE_CHANNEL_39;BLE_CHANNEL_39;UNKNOWN;UNKNOWN;UNKNOWN;UNKNOWN;UNKNOWN;0;
14:23:56:476;-66;-80;-91;-87;0;0;0;0;0;0;0;0;1;0;0;0;0;0;0;1;5;6;9;1;0;2;0;10;10;10;14;14;0;0;0;0;0;lock;1;1;0;0;BLE_CHANNEL_39;BLE_CHANNEL_39;BLE_CHANNEL_39;BLE_CHANNEL_39;UNKNOWN;UNKNOWN;UNKNOWN;UNKNOWN;UNKNOWN;0;
14:23:56:592;-66;-80;-91;-85;0;0;0;0;0;1;0;0;0;0;0;0;0;0;0;1;5;6;9;1;0;2;0;10;10;10;14;14;0;0;0;0;0;lock;1;1;0;0;BLE_CHANNEL_39;BLE_CHANNEL_39;BLE_CHANNEL_39;BLE_CHANNEL_39;UNKNOWN;UNKNOWN;UNKNOWN;UNKNOWN;UNKNOWN;0;
14:23:56:708;-67;-80;-91;-85;0;0;0;0;0;0;0;0;0;0;0;0;0;0;0;1;5;6;9;1;0;2;0;10;10;10;14;14;0;0;0;0;0;lock;1;1;0;0;BLE_CHANNEL_39;BLE_CHANNEL_39;BLE_CHANNEL_39;BLE_CHANNEL_39;UNKNOWN;UNKNOWN;UNKNOWN;UNKNOWN;UNKNOWN;0;
14:23:56:819;-66;-80;-91;-85;0;0;0;0;0;0;1;0;0;0;0;0;0;0;0;1;5;6;9;1;0;2;0;10;10;10;14;14;0;0;0;0;0;lock;1;1;0;0;BLE_CHANNEL_39;BLE_CHANNEL_39;BLE_CHANNEL_39;BLE_CHANNEL_39;UNKNOWN;UNKNOWN;UNKNOWN;UNKNOWN;UNKNOWN;0;
14:23:56:930;-66;-79;-91;-85;0;0;0;0;0;0;1;0;0;0;0;0;0;0;0;1;5;6;9;1;0;2;0;10;10;10;14;14;0;0;0;0;0;lock;1;1;0;0;BLE_CHANNEL_39;BLE_CHANNEL_39;BLE_CHANNEL_39;BLE_CHANNEL_39;UNKNOWN;UNKNOWN;UNKNOWN;UNKNOWN;UNKNOWN;0;
14:23:57:044;-67;-80;-92;-85;0;0;0;0;0;1;0;0;0;0;0;0;0;0;0;1;5;6;9;1;0;2;0;10;10;10;14;14;0;0;0;0;0;lock;1;1;0;0;BLE_CHANNEL_39;BLE_CHANNEL_39;BLE_CHANNEL_39;BLE_CHANNEL_39;UNKNOWN;UNKNOWN;UNKNOWN;UNKNOWN;UNKNOWN;0;
14:23:57:163;-66;-80;-90;-85;0;0;0;0;0;0;0;0;0;0;0;0;0;0;0;1;5;6;9;1;0;2;0;10;10;10;14;14;0;0;0;0;0;lock;1;1;0;0;BLE_CHANNEL_39;BLE_CHANNEL_39;BLE_CHANNEL_39;BLE_CHANNEL_39;UNKNOWN;UNKNOWN;UNKNOWN;UNKNOWN;UNKNOWN;0;
14:23:57:281;-67;-81;-88;-87;0;0;0;0;0;0;0;0;0;0;0;0;0;0;0;1;5;6;9;1;0;2;0;10;10;10;14;14;0;0;0;0;0;lock;1;1;0;0;BLE_CHANNEL_39;BLE_CHANNEL_39;BLE_CHANNEL_39;BLE_CHANNEL_39;UNKNOWN;UNKNOWN;UNKNOWN;UNKNOWN;UNKNOWN;0;
14:23:57:394;-66;-81;-91;-87;0;0;0;0;0;0;1;1;1;0;0;0;0;0;0;1;5;6;9;1;0;2;0;10;10;10;14;14;0;0;0;0;0;lock;1;1;0;0;BLE_CHANNEL_39;BLE_CHANNEL_39;BLE_CHANNEL_39;BLE_CHANNEL_39;UNKNOWN;UNKNOWN;UNKNOWN;UNKNOWN;UNKNOWN;0;
14:23:57:505;-66;-81;-90;-87;0;0;0;0;0;1;1;1;1;0;0;0;0;0;0;1;5;6;9;1;0;2;0;10;10;10;14;14;0;0;0;0;0;lock;1;1;0;0;BLE_CHANNEL_39;BLE_CHANNEL_39;BLE_CHANNEL_39;BLE_CHANNEL_39;UNKNOWN;UNKNOWN;UNKNOWN;UNKNOWN;UNKNOWN;0;
14:23:57:615;-67;-81;-91;-87;0;0;0;0;0;1;0;0;0;0;0;0;0;0;0;1;5;6;9;1;0;2;0;10;10;10;14;14;0;0;0;0;0;lock;1;1;0;0;BLE_CHANNEL_39;BLE_CHANNEL_39;BLE_CHANNEL_39;BLE_CHANNEL_39;UNKNOWN;UNKNOWN;UNKNOWN;UNKNOWN;UNKNOWN;0;
14:23:57:725;-67;-81;-91;-87;0;0;0;0;0;0;0;0;0;0;0;0;0;0;0;1;5;6;9;1;0;2;0;10;10;10;14;14;0;0;0;0;0;lock;1;1;0;0;BLE_CHANNEL_39;BLE_CHANNEL_39;BLE_CHANNEL_39;BLE_CHANNEL_39;UNKNOWN;UNKNOWN;UNKNOWN;UNKNOWN;UNKNOWN;0;
14:23:57:836;-65;-81;-91;-87;0;0;0;0;0;0;0;0;0;0;0;0;0;0;0;1;5;6;9;1;0;2;0;10;10;10;14;14;0;0;0;0;0;lock;1;1;0;0;BLE_CHANNEL_39;BLE_CHANNEL_39;BLE_CHANNEL_39;BLE_CHANNEL_39;UNKNOWN;UNKNOWN;UNKNOWN;UNKNOWN;UNKNOWN;0;
14:23:57:948;-66;-81;-90;-87;0;0;0;0;0;0;1;0;0;0;0;0;0;0;0;1;5;6;9;1;0;2;0;10;10;10;14;14;0;0;0;0;0;lock;1;1;0;0;BLE_CHANNEL_39;BLE_CHANNEL_39;BLE_CHANNEL_39;BLE_CHANNEL_39;UNKNOWN;UNKNOWN;UNKNOWN;UNKNOWN;UNKNOWN;0;
14:23:58:059;-66;-81;-89;-87;0;0;0;0;0;0;0;0;1;0;0;0;0;0;0;1;5;6;9;1;0;2;0;10;10;10;14;14;0;0;0;0;0;lock;1;1;0;0;BLE_CHANNEL_39;BLE_CHANNEL_39;BLE_CHANNEL_39;BLE_CHANNEL_39;UNKNOWN;UNKNOWN;UNKNOWN;UNKNOWN;UNKNOWN;0;
14:23:58:175;-66;-80;-91;-88;0;0;0;0;0;0;0;0;0;0;0;0;0;0;0;1;5;6;9;1;0;2;0;10;10;10;14;14;0;0;0;0;0;lock;1;1;0;0;BLE_CHANNEL_39;BLE_CHANNEL_39;BLE_CHANNEL_39;BLE_CHANNEL_39;UNKNOWN;UNKNOWN;UNKNOWN;UNKNOWN;UNKNOWN;0;
14:23:58:297;-66;-81;-90;-88;0;0;0;0;0;0;0;0;0;0;0;0;0;0;0;1;5;6;9;1;0;2;0;10;10;10;14;14;0;0;0;0;0;lock;1;1;0;0;BLE_CHANNEL_39;BLE_CHANNEL_39;BLE_CHANNEL_39;BLE_CHANNEL_39;UNKNOWN;UNKNOWN;UNKNOWN;UNKNOWN;UNKNOWN;0;
14:23:58:419;-65;-81;-90;-88;0;0;0;0;0;0;0;0;0;0;0;0;0;0;0;1;5;6;9;1;0;2;0;10;10;10;14;14;0;0;0;0;0;lock;1;1;0;0;BLE_CHANNEL_39;BLE_CHANNEL_39;BLE_CHANNEL_39;BLE_CHANNEL_39;UNKNOWN;UNKNOWN;UNKNOWN;UNKNOWN;UNKNOWN;0;
14:23:58:529;-65;-81;-91;-91;0;0;0;0;0;0;1;1;1;0;0;0;0;0;0;1;5;6;9;1;0;2;0;10;10;10;14;14;0;0;0;0;0;lock;1;1;0;0;BLE_CHANNEL_39;BLE_CHANNEL_39;BLE_CHANNEL_39;BLE_CHANNEL_39;UNKNOWN;UNKNOWN;UNKNOWN;UNKNOWN;UNKNOWN;0;
14:23:58:638;-66;-80;-91;-92;0;0;0;0;0;1;0;0;1;0;0;0;0;0;0;1;5;6;9;1;0;2;0;10;10;10;14;14;0;0;0;0;0;lock;1;1;0;0;BLE_CHANNEL_39;BLE_CHANNEL_39;BLE_CHANNEL_39;BLE_CHANNEL_39;UNKNOWN;UNKNOWN;UNKNOWN;UNKNOWN;UNKNOWN;0;
14:23:58:747;-65;-81;-90;-92;0;0;0;0;0;0;0;0;0;0;0;0;0;0;0;1;5;6;9;1;0;2;0;10;10;10;14;14;0;0;0;0;0;lock;1;1;0;0;BLE_CHANNEL_39;BLE_CHANNEL_39;BLE_CHANNEL_39;BLE_CHANNEL_39;UNKNOWN;UNKNOWN;UNKNOWN;UNKNOWN;UNKNOWN;0;
14:23:58:868;-65;-81;-90;-91;0;0;0;0;0;0;0;0;0;0;0;0;0;0;0;1;5;6;9;1;0;2;0;10;10;10;14;14;0;0;0;0;0;lock;1;1;0;0;BLE_CHANNEL_39;BLE_CHANNEL_39;BLE_CHANNEL_39;BLE_CHANNEL_39;UNKNOWN;UNKNOWN;UNKNOWN;UNKNOWN;UNKNOWN;0;
14:23:58:987;-65;-81;-90;-91;0;0;0;0;0;0;1;0;0;0;0;0;0;0;0;1;5;6;9;1;0;2;0;10;10;10;14;14;0;0;0;0;0;lock;1;1;0;0;BLE_CHANNEL_39;BLE_CHANNEL_39;BLE_CHANNEL_39;BLE_CHANNEL_39;UNKNOWN;UNKNOWN;UNKNOWN;UNKNOWN;UNKNOWN;0;
14:23:59:098;-65;-81;-90;-90;0;0;0;0;0;1;1;1;1;0;0;0;0;0;0;1;5;6;9;1;0;2;0;10;10;10;14;14;0;0;0;0;0;lock;1;1;0;0;BLE_CHANNEL_39;BLE_CHANNEL_39;BLE_CHANNEL_39;BLE_CHANNEL_39;UNKNOWN;UNKNOWN;UNKNOWN;UNKNOWN;UNKNOWN;0;
14:23:59:208;-65;-81;-91;-89;0;0;0;0;0;1;0;0;1;0;0;0;0;0;0;1;5;6;9;1;0;2;0;10;10;10;14;14;0;0;0;0;0;lock;1;1;0;0;BLE_CHANNEL_39;BLE_CHANNEL_39;BLE_CHANNEL_39;BLE_CHANNEL_39;UNKNOWN;UNKNOWN;UNKNOWN;UNKNOWN;UNKNOWN;0;
14:23:59:323;-66;-81;-89;-90;0;0;0;0;0;0;0;0;0;0;0;0;0;0;0;1;5;6;9;1;0;2;0;10;10;10;14;14;0;0;0;0;0;lock;1;1;0;0;BLE_CHANNEL_39;BLE_CHANNEL_39;BLE_CHANNEL_39;BLE_CHANNEL_39;UNKNOWN;UNKNOWN;UNKNOWN;UNKNOWN;UNKNOWN;0;
14:23:59:448;-65;-81;-90;-90;0;0;0;0;0;0;0;0;0;0;0;0;0;0;0;1;5;6;9;1;0;2;0;10;10;10;14;14;0;0;0;0;0;lock;1;1;0;0;BLE_CHANNEL_39;BLE_CHANNEL_39;BLE_CHANNEL_39;BLE_CHANNEL_39;UNKNOWN;UNKNOWN;UNKNOWN;UNKNOWN;UNKNOWN;0;
14:23:59:561;-65;-81;-90;-90;0;0;0;0;0;0;1;1;0;0;0;0;0;0;0;1;5;6;9;1;0;2;0;10;10;10;14;14;0;0;0;0;0;lock;1;1;0;0;BLE_CHANNEL_39;BLE_CHANNEL_39;BLE_CHANNEL_39;BLE_CHANNEL_39;UNKNOWN;UNKNOWN;UNKNOWN;UNKNOWN;UNKNOWN;0;
14:23:59:671;-64;-82;-90;-90;0;0;0;0;0;0;1;0;0;0;0;0;0;0;0;1;5;6;9;1;0;2;0;10;10;10;14;14;0;0;0;0;0;lock;1;1;0;0;BLE_CHANNEL_37;BLE_CHANNEL_37;BLE_CHANNEL_39;BLE_CHANNEL_39;UNKNOWN;UNKNOWN;UNKNOWN;UNKNOWN;UNKNOWN;0;
14:23:59:783;-64;-82;-90;-80;0;0;0;0;0;0;1;0;1;0;0;0;0;0;0;1;5;6;9;1;0;2;0;10;10;10;14;14;0;0;0;0;0;lock;1;1;0;0;BLE_CHANNEL_37;BLE_CHANNEL_37;BLE_CHANNEL_39;BLE_CHANNEL_37;UNKNOWN;UNKNOWN;UNKNOWN;UNKNOWN;UNKNOWN;0;
14:23:59:904;-64;-81;-90;-81;0;0;0;0;0;1;0;0;1;0;0;0;0;0;0;1;5;6;9;1;0;2;0;10;10;10;14;14;0;0;0;0;0;lock;1;1;0;0;BLE_CHANNEL_37;BLE_CHANNEL_37;BLE_CHANNEL_39;BLE_CHANNEL_37;UNKNOWN;UNKNOWN;UNKNOWN;UNKNOWN;UNKNOWN;0;
14:24:00:024;-64;-82;-90;-82;0;0;0;0;0;0;0;0;0;0;0;0;0;0;0;1;5;6;9;1;0;2;0;10;10;10;14;14;0;0;0;0;0;lock;1;1;0;0;BLE_CHANNEL_37;BLE_CHANNEL_37;BLE_CHANNEL_39;BLE_CHANNEL_37;UNKNOWN;UNKNOWN;UNKNOWN;UNKNOWN;UNKNOWN;0;
14:24:00:137;-64;-81;-95;-82;0;0;0;0;0;0;1;0;0;0;0;0;0;0;0;1;5;6;9;1;0;2;0;10;10;10;14;14;0;0;0;0;0;lock;1;1;0;0;BLE_CHANNEL_37;BLE_CHANNEL_37;BLE_CHANNEL_37;BLE_CHANNEL_37;UNKNOWN;UNKNOWN;UNKNOWN;UNKNOWN;UNKNOWN;0;
14:24:00:248;-64;-81;-96;-82;0;0;0;0;0;0;1;0;0;0;0;0;0;0;0;1;5;6;9;1;0;2;0;10;10;10;14;14;0;0;0;0;0;lock;1;1;0;0;BLE_CHANNEL_37;BLE_CHANNEL_37;BLE_CHANNEL_37;BLE_CHANNEL_37;UNKNOWN;UNKNOWN;UNKNOWN;UNKNOWN;UNKNOWN;0;
14:24:00:358;-64;-82;-95;-82;0;0;0;0;0;1;0;0;1;0;0;0;0;0;0;1;5;6;9;1;0;2;0;10;10;10;14;14;0;0;0;0;0;lock;1;1;0;0;BLE_CHANNEL_37;BLE_CHANNEL_37;BLE_CHANNEL_37;BLE_CHANNEL_37;UNKNOWN;UNKNOWN;UNKNOWN;UNKNOWN;UNKNOWN;0;
14:24:00:468;-64;-82;-94;-83;0;0;0;0;0;1;0;0;0;0;0;0;0;0;0;1;5;6;9;1;0;2;0;10;10;10;14;14;0;0;0;0;0;lock;1;1;0;0;BLE_CHANNEL_37;BLE_CHANNEL_37;BLE_CHANNEL_37;BLE_CHANNEL_37;UNKNOWN;UNKNOWN;UNKNOWN;UNKNOWN;UNKNOWN;0;
14:24:00:579;-64;-81;-97;-83;0;0;0;0;0;0;0;0;0;0;0;0;0;0;0;1;5;6;9;1;0;2;0;10;10;10;14;14;0;0;0;0;0;lock;1;1;0;0;BLE_CHANNEL_37;BLE_CHANNEL_37;BLE_CHANNEL_37;BLE_CHANNEL_37;UNKNOWN;UNKNOWN;UNKNOWN;UNKNOWN;UNKNOWN;0;
14:24:00:694;-64;-82;-97;-82;0;0;0;0;0;0;0;0;0;0;0;0;0;0;0;1;5;6;9;1;0;2;0;10;10;10;14;14;0;0;0;0;0;lock;1;1;0;0;BLE_CHANNEL_37;BLE_CHANNEL_37;BLE_CHANNEL_37;BLE_CHANNEL_37;UNKNOWN;UNKNOWN;UNKNOWN;UNKNOWN;UNKNOWN;0;
14:24:00:807;-64;-82;-96;-83;0;0;0;0;0;0;0;0;0;0;0;0;0;0;0;1;5;6;9;1;0;2;0;10;10;10;14;14;0;0;0;0;0;lock;1;1;0;0;BLE_CHANNEL_37;BLE_CHANNEL_37;BLE_CHANNEL_37;BLE_CHANNEL_37;UNKNOWN;UNKNOWN;UNKNOWN;UNKNOWN;UNKNOWN;0;
14:24:00:925;-64;-82;-95;-82;0;0;0;0;0;0;1;1;1;0;0;0;0;0;0;1;5;6;9;1;0;2;0;10;10;10;14;14;0;0;0;0;0;lock;1;1;0;0;BLE_CHANNEL_37;BLE_CHANNEL_37;BLE_CHANNEL_37;BLE_CHANNEL_37;UNKNOWN;UNKNOWN;UNKNOWN;UNKNOWN;UNKNOWN;0;
14:24:01:038;-64;-82;-95;-82;0;0;0;0;0;1;0;0;1;0;0;0;0;0;0;1;5;6;9;1;0;2;0;10;10;10;14;14;0;0;0;0;0;lock;1;1;0;0;BLE_CHANNEL_37;BLE_CHANNEL_37;BLE_CHANNEL_37;BLE_CHANNEL_37;UNKNOWN;UNKNOWN;UNKNOWN;UNKNOWN;UNKNOWN;0;
14:24:01:151;-64;-82;-98;-83;0;0;0;0;0;0;0;0;0;0;0;0;0;0;0;1;5;6;9;1;0;2;0;10;10;10;14;14;0;0;0;0;0;lock;1;1;0;0;BLE_CHANNEL_37;BLE_CHANNEL_37;BLE_CHANNEL_37;BLE_CHANNEL_37;UNKNOWN;UNKNOWN;UNKNOWN;UNKNOWN;UNKNOWN;0;
14:24:01:262;-63;-82;-98;-83;0;0;0;0;0;0;0;0;0;0;0;0;0;0;0;1;5;6;9;1;0;2;0;10;10;10;14;14;0;0;0;0;0;lock;1;1;0;0;BLE_CHANNEL_37;BLE_CHANNEL_37;BLE_CHANNEL_37;BLE_CHANNEL_37;UNKNOWN;UNKNOWN;UNKNOWN;UNKNOWN;UNKNOWN;0;
14:24:01:375;-64;-82;-98;-83;0;0;0;0;0;0;0;0;0;0;0;0;0;0;0;1;5;6;9;1;0;2;0;10;10;10;14;14;0;0;0;0;0;lock;1;1;0;0;BLE_CHANNEL_37;BLE_CHANNEL_37;BLE_CHANNEL_37;BLE_CHANNEL_37;UNKNOWN;UNKNOWN;UNKNOWN;UNKNOWN;UNKNOWN;0;
14:24:01:493;-63;-82;-98;-83;0;0;0;0;0;0;1;0;0;0;0;0;0;0;0;1;5;6;9;1;0;2;0;10;10;10;14;14;0;0;0;0;0;lock;1;1;0;0;BLE_CHANNEL_37;BLE_CHANNEL_37;BLE_CHANNEL_37;BLE_CHANNEL_37;UNKNOWN;UNKNOWN;UNKNOWN;UNKNOWN;UNKNOWN;0;
14:24:01:603;-64;-82;-96;-84;0;0;0;0;0;1;0;0;1;0;0;0;0;0;0;1;5;6;9;1;0;2;0;10;10;10;14;14;0;0;0;0;0;lock;1;1;0;0;BLE_CHANNEL_37;BLE_CHANNEL_37;BLE_CHANNEL_37;BLE_CHANNEL_37;UNKNOWN;UNKNOWN;UNKNOWN;UNKNOWN;UNKNOWN;0;
14:24:01:726;-64;-82;-96;-84;0;0;0;0;0;0;0;0;0;0;0;0;0;0;0;1;5;6;9;1;0;2;0;10;10;10;14;14;0;0;0;0;0;lock;1;1;0;0;BLE_CHANNEL_37;BLE_CHANNEL_37;BLE_CHANNEL_37;BLE_CHANNEL_37;UNKNOWN;UNKNOWN;UNKNOWN;UNKNOWN;UNKNOWN;0;
14:24:01:836;-64;-82;-97;-84;0;0;0;0;0;0;0;0;0;0;0;0;0;0;0;1;5;6;9;1;0;2;0;10;10;10;14;14;0;0;0;0;0;lock;1;1;0;0;BLE_CHANNEL_37;BLE_CHANNEL_37;BLE_CHANNEL_37;BLE_CHANNEL_37;UNKNOWN;UNKNOWN;UNKNOWN;UNKNOWN;UNKNOWN;0;
14:24:01:955;-64;-82;-97;-84;0;0;0;0;0;0;0;0;0;0;0;0;0;0;0;1;5;6;9;1;0;2;0;10;10;10;14;14;0;0;0;0;0;lock;1;1;0;0;BLE_CHANNEL_37;BLE_CHANNEL_37;BLE_CHANNEL_37;BLE_CHANNEL_37;UNKNOWN;UNKNOWN;UNKNOWN;UNKNOWN;UNKNOWN;0;
14:24:02:066;-64;-81;-97;-84;0;0;0;0;0;1;0;0;1;0;0;0;0;0;0;1;5;6;9;1;0;2;0;10;10;10;14;14;0;0;0;0;0;lock;1;1;0;0;BLE_CHANNEL_37;BLE_CHANNEL_37;BLE_CHANNEL_37;BLE_CHANNEL_37;UNKNOWN;UNKNOWN;UNKNOWN;UNKNOWN;UNKNOWN;0;
14:24:02:178;-64;-82;-95;-84;0;0;0;0;0;1;0;0;1;0;0;0;0;0;0;1;5;6;9;1;0;2;0;10;10;10;14;14;0;0;0;0;0;lock;1;1;0;0;BLE_CHANNEL_37;BLE_CHANNEL_37;BLE_CHANNEL_37;BLE_CHANNEL_37;UNKNOWN;UNKNOWN;UNKNOWN;UNKNOWN;UNKNOWN;0;
14:24:02:288;-64;-82;-95;-84;0;0;0;0;0;0;0;0;0;0;0;0;0;0;0;1;5;6;9;1;0;2;0;10;10;10;14;14;0;0;0;0;0;lock;1;1;0;0;BLE_CHANNEL_37;BLE_CHANNEL_37;BLE_CHANNEL_37;BLE_CHANNEL_37;UNKNOWN;UNKNOWN;UNKNOWN;UNKNOWN;UNKNOWN;0;
14:24:02:398;-64;-82;-94;-83;0;0;0;0;0;0;0;0;0;0;0;0;0;0;0;1;5;6;9;1;0;2;0;10;10;10;14;14;0;0;0;0;0;lock;1;1;0;0;BLE_CHANNEL_37;BLE_CHANNEL_37;BLE_CHANNEL_37;BLE_CHANNEL_37;UNKNOWN;UNKNOWN;UNKNOWN;UNKNOWN;UNKNOWN;0;
14:24:02:521;-63;-82;-94;-84;0;0;0;0;0;0;0;0;0;0;0;0;0;0;0;1;5;6;9;1;0;2;0;10;10;10;14;14;0;0;0;0;0;lock;1;1;0;0;BLE_CHANNEL_37;BLE_CHANNEL_37;BLE_CHANNEL_37;BLE_CHANNEL_37;UNKNOWN;UNKNOWN;UNKNOWN;UNKNOWN;UNKNOWN;0;
14:24:02:633;-63;-82;-94;-84;0;0;0;0;0;1;0;0;1;0;0;0;0;0;0;1;5;6;9;1;0;2;0;10;10;10;14;14;0;0;0;0;0;lock;1;1;0;0;BLE_CHANNEL_37;BLE_CHANNEL_37;BLE_CHANNEL_37;BLE_CHANNEL_37;UNKNOWN;UNKNOWN;UNKNOWN;UNKNOWN;UNKNOWN;0;
14:24:02:749;-64;-82;-94;-84;0;0;0;0;0;1;0;0;1;0;0;0;0;0;0;1;5;6;9;1;0;2;0;10;10;10;14;14;0;0;0;0;0;lock;1;1;0;0;BLE_CHANNEL_37;BLE_CHANNEL_37;BLE_CHANNEL_37;BLE_CHANNEL_37;UNKNOWN;UNKNOWN;UNKNOWN;UNKNOWN;UNKNOWN;0;
14:24:02:866;-63;-82;-94;-84;0;0;0;0;0;0;0;0;0;0;0;0;0;0;0;1;5;6;9;1;0;2;0;10;10;10;14;14;0;0;0;0;0;lock;1;1;0;0;BLE_CHANNEL_37;BLE_CHANNEL_37;BLE_CHANNEL_37;BLE_CHANNEL_37;UNKNOWN;UNKNOWN;UNKNOWN;UNKNOWN;UNKNOWN;0;
14:24:02:980;-64;-82;-98;-84;0;0;0;0;0;0;1;0;0;0;0;0;0;0;0;1;5;6;9;1;0;2;0;10;10;10;14;14;0;0;0;0;0;lock;1;1;0;0;BLE_CHANNEL_37;BLE_CHANNEL_37;BLE_CHANNEL_37;BLE_CHANNEL_37;UNKNOWN;UNKNOWN;UNKNOWN;UNKNOWN;UNKNOWN;0;
14:24:03:091;-63;-82;-94;-83;0;0;0;0;0;0;0;1;0;0;0;0;0;0;0;1;5;6;9;1;0;2;0;10;10;10;14;14;0;0;0;0;0;lock;1;1;0;0;BLE_CHANNEL_37;BLE_CHANNEL_37;BLE_CHANNEL_37;BLE_CHANNEL_37;UNKNOWN;UNKNOWN;UNKNOWN;UNKNOWN;UNKNOWN;0;
14:24:03:205;-63;-82;-97;-83;0;0;0;0;0;1;0;0;1;0;0;0;0;0;0;1;5;6;9;1;0;2;0;10;10;10;14;14;0;0;0;0;0;lock;1;1;0;0;BLE_CHANNEL_37;BLE_CHANNEL_37;BLE_CHANNEL_37;BLE_CHANNEL_37;UNKNOWN;UNKNOWN;UNKNOWN;UNKNOWN;UNKNOWN;0;
14:24:03:317;-63;-82;-97;-84;0;0;0;0;0;0;0;0;0;0;0;0;0;0;0;1;5;6;9;1;0;2;0;10;10;10;14;14;0;0;0;0;0;lock;1;1;0;0;BLE_CHANNEL_37;BLE_CHANNEL_37;BLE_CHANNEL_37;BLE_CHANNEL_37;UNKNOWN;UNKNOWN;UNKNOWN;UNKNOWN;UNKNOWN;0;
14:24:03:436;-63;-82;-97;-83;0;0;0;0;0;0;0;0;0;0;0;0;0;0;0;1;5;6;9;1;0;2;0;10;10;10;14;14;0;0;0;0;0;lock;1;1;0;0;BLE_CHANNEL_37;BLE_CHANNEL_37;BLE_CHANNEL_37;BLE_CHANNEL_37;UNKNOWN;UNKNOWN;UNKNOWN;UNKNOWN;UNKNOWN;0;
14:24:03:545;-63;-81;-97;-84;0;0;0;0;0;0;1;0;0;0;0;0;0;0;0;1;5;6;9;1;0;2;0;10;10;10;14;14;0;0;0;0;0;lock;1;1;0;0;BLE_CHANNEL_37;BLE_CHANNEL_37;BLE_CHANNEL_37;BLE_CHANNEL_37;UNKNOWN;UNKNOWN;UNKNOWN;UNKNOWN;UNKNOWN;0;
14:24:03:660;-63;-82;-93;-84;0;0;0;0;0;0;1;0;0;0;0;0;0;0;0;1;5;6;9;1;0;2;0;10;10;10;14;14;0;0;0;0;0;lock;1;1;0;0;BLE_CHANNEL_37;BLE_CHANNEL_37;BLE_CHANNEL_37;BLE_CHANNEL_37;UNKNOWN;UNKNOWN;UNKNOWN;UNKNOWN;UNKNOWN;0;
14:24:03:771;-63;-81;-93;-84;0;0;0;0;0;0;0;0;0;0;0;0;0;0;0;1;5;6;9;1;0;2;0;10;10;10;14;14;0;0;0;0;0;lock;1;1;0;0;BLE_CHANNEL_37;BLE_CHANNEL_37;BLE_CHANNEL_37;BLE_CHANNEL_37;UNKNOWN;UNKNOWN;UNKNOWN;UNKNOWN;UNKNOWN;0;
14:24:03:892;-64;-82;-93;-84;0;0;0;0;0;0;0;0;0;0;0;0;0;0;0;1;5;6;9;1;0;2;0;10;10;10;14;14;0;0;0;0;0;lock;1;1;0;0;BLE_CHANNEL_37;BLE_CHANNEL_37;BLE_CHANNEL_37;BLE_CHANNEL_37;UNKNOWN;UNKNOWN;UNKNOWN;UNKNOWN;UNKNOWN;0;
14:24:04:005;-64;-81;-97;-84;0;0;0;0;0;0;0;0;0;0;0;0;0;0;0;1;5;6;9;1;0;2;0;10;10;10;14;14;0;0;0;0;0;lock;1;1;0;0;BLE_CHANNEL_37;BLE_CHANNEL_37;BLE_CHANNEL_37;BLE_CHANNEL_37;UNKNOWN;UNKNOWN;UNKNOWN;UNKNOWN;UNKNOWN;0;
14:24:04:122;-64;-82;-94;-84;0;0;0;0;0;0;0;0;0;0;0;0;0;0;0;1;5;6;9;1;0;2;0;10;10;10;14;14;0;0;0;0;0;lock;1;1;0;0;BLE_CHANNEL_37;BLE_CHANNEL_37;BLE_CHANNEL_37;BLE_CHANNEL_37;UNKNOWN;UNKNOWN;UNKNOWN;UNKNOWN;UNKNOWN;0;
14:24:04:231;-64;-82;-94;-84;0;0;0;0;0;1;0;1;0;0;0;0;0;0;0;1;5;6;9;1;0;2;0;10;10;10;14;14;0;0;0;0;0;lock;1;1;0;0;BLE_CHANNEL_37;BLE_CHANNEL_37;BLE_CHANNEL_37;BLE_CHANNEL_37;UNKNOWN;UNKNOWN;UNKNOWN;UNKNOWN;UNKNOWN;0;
14:24:04:348;-64;-82;-94;-83;0;0;0;0;0;1;0;0;1;0;0;0;0;0;0;1;5;6;9;1;0;2;0;10;10;10;14;14;0;0;0;0;0;lock;1;1;0;0;BLE_CHANNEL_37;BLE_CHANNEL_37;BLE_CHANNEL_37;BLE_CHANNEL_37;UNKNOWN;UNKNOWN;UNKNOWN;UNKNOWN;UNKNOWN;0;
14:24:04:459;-63;-82;-94;-83;0;0;0;0;0;0;0;0;0;0;0;0;0;0;0;1;5;6;9;1;0;2;0;10;10;10;14;14;0;0;0;0;0;lock;1;1;0;0;BLE_CHANNEL_37;BLE_CHANNEL_37;BLE_CHANNEL_37;BLE_CHANNEL_37;UNKNOWN;UNKNOWN;UNKNOWN;UNKNOWN;UNKNOWN;0;
14:24:04:571;-64;-82;-99;-83;0;0;0;0;0;0;0;0;0;0;0;0;0;0;0;1;5;6;9;1;0;2;0;10;10;10;14;14;0;0;0;0;0;lock;1;1;0;0;BLE_CHANNEL_37;BLE_CHANNEL_37;BLE_CHANNEL_37;BLE_CHANNEL_37;UNKNOWN;UNKNOWN;UNKNOWN;UNKNOWN;UNKNOWN;0;
14:24:04:689;-61;-81;-99;-78;0;0;0;0;0;0;0;0;0;0;0;0;0;0;0;1;5;6;9;1;0;2;0;10;10;10;14;14;0;0;0;0;0;lock;1;1;0;0;BLE_CHANNEL_38;BLE_CHANNEL_37;BLE_CHANNEL_37;BLE_CHANNEL_38;UNKNOWN;UNKNOWN;UNKNOWN;UNKNOWN;UNKNOWN;0;
14:24:04:805;-60;-84;-99;-78;0;0;0;0;0;0;1;0;0;0;0;0;0;0;0;1;5;6;9;1;0;2;0;10;10;10;14;14;0;0;0;0;0;lock;1;1;0;0;BLE_CHANNEL_38;BLE_CHANNEL_38;BLE_CHANNEL_37;BLE_CHANNEL_38;UNKNOWN;UNKNOWN;UNKNOWN;UNKNOWN;UNKNOWN;0;
14:24:04:923;-61;-84;-99;-78;0;0;0;0;0;0;1;0;0;0;0;0;0;0;0;1;5;6;9;1;0;2;0;10;10;10;14;14;0;0;0;0;0;lock;1;1;0;0;BLE_CHANNEL_38;BLE_CHANNEL_38;BLE_CHANNEL_37;BLE_CHANNEL_38;UNKNOWN;UNKNOWN;UNKNOWN;UNKNOWN;UNKNOWN;0;
14:24:05:036;-61;-85;-99;-77;0;0;0;0;0;1;0;0;1;0;0;0;0;0;0;1;5;6;9;1;0;2;0;10;10;10;14;14;0;0;0;0;0;lock;1;1;0;0;BLE_CHANNEL_38;BLE_CHANNEL_38;BLE_CHANNEL_37;BLE_CHANNEL_38;UNKNOWN;UNKNOWN;UNKNOWN;UNKNOWN;UNKNOWN;0;
14:24:05:147;-60;-83;-99;-78;0;0;0;0;0;0;0;0;0;0;0;0;0;0;0;1;5;6;9;1;0;2;0;10;10;10;14;14;0;0;0;0;0;lock;1;1;0;0;BLE_CHANNEL_38;BLE_CHANNEL_38;BLE_CHANNEL_37;BLE_CHANNEL_38;UNKNOWN;UNKNOWN;UNKNOWN;UNKNOWN;UNKNOWN;0;
14:24:05:262;-60;-84;-99;-78;0;0;0;0;0;0;0;0;0;0;0;0;0;0;0;1;5;6;9;1;0;2;0;10;10;10;14;14;0;0;0;0;0;lock;1;1;0;0;BLE_CHANNEL_38;BLE_CHANNEL_38;BLE_CHANNEL_37;BLE_CHANNEL_38;UNKNOWN;UNKNOWN;UNKNOWN;UNKNOWN;UNKNOWN;0;
14:24:05:379;-60;-84;-99;-77;0;0;0;0;0;0;1;0;0;0;0;0;0;0;0;1;5;6;9;1;0;2;0;10;10;10;14;14;0;0;0;0;0;lock;1;1;0;0;BLE_CHANNEL_38;BLE_CHANNEL_38;BLE_CHANNEL_37;BLE_CHANNEL_38;UNKNOWN;UNKNOWN;UNKNOWN;UNKNOWN;UNKNOWN;0;
14:24:05:507;-60;-84;-99;-78;0;0;0;0;0;1;0;0;0;0;0;0;0;0;0;1;5;6;9;1;0;2;0;10;10;10;14;14;0;0;0;0;0;lock;1;1;0;0;BLE_CHANNEL_38;BLE_CHANNEL_38;BLE_CHANNEL_37;BLE_CHANNEL_38;UNKNOWN;UNKNOWN;UNKNOWN;UNKNOWN;UNKNOWN;0;
14:24:05:625;-60;-85;-99;-77;0;0;0;0;0;0;0;0;0;0;0;0;0;0;0;1;5;6;9;1;0;2;0;10;10;10;14;14;0;0;0;0;0;lock;1;1;0;0;BLE_CHANNEL_38;BLE_CHANNEL_38;BLE_CHANNEL_37;BLE_CHANNEL_38;UNKNOWN;UNKNOWN;UNKNOWN;UNKNOWN;UNKNOWN;0;
14:24:05:737;-61;-84;-99;-78;0;0;0;0;0;0;0;0;0;0;0;0;0;0;0;1;5;6;9;1;0;2;0;10;10;10;14;14;0;0;0;0;0;lock;1;1;0;0;BLE_CHANNEL_38;BLE_CHANNEL_38;BLE_CHANNEL_37;BLE_CHANNEL_38;UNKNOWN;UNKNOWN;UNKNOWN;UNKNOWN;UNKNOWN;0;
14:24:05:847;-60;-84;-99;-77;0;0;0;0;0;0;1;0;0;0;0;0;0;0;0;1;5;6;9;1;0;2;0;10;10;10;14;14;0;0;0;0;0;lock;1;1;0;0;BLE_CHANNEL_38;BLE_CHANNEL_38;BLE_CHANNEL_37;BLE_CHANNEL_38;UNKNOWN;UNKNOWN;UNKNOWN;UNKNOWN;UNKNOWN;0;
14:24:05:960;-60;-85;-99;-77;0;0;0;0;0;0;0;0;0;0;0;0;0;0;0;1;5;6;9;1;0;2;0;10;10;10;14;14;0;0;0;0;0;lock;1;1;0;0;BLE_CHANNEL_38;BLE_CHANNEL_38;BLE_CHANNEL_37;BLE_CHANNEL_38;UNKNOWN;UNKNOWN;UNKNOWN;UNKNOWN;UNKNOWN;0;
14:24:06:073;-60;-84;-99;-77;0;0;0;0;0;1;0;0;1;0;0;0;0;0;0;1;5;6;9;1;0;2;0;10;10;10;14;14;0;0;0;0;0;lock;1;1;0;0;BLE_CHANNEL_38;BLE_CHANNEL_38;BLE_CHANNEL_37;BLE_CHANNEL_38;UNKNOWN;UNKNOWN;UNKNOWN;UNKNOWN;UNKNOWN;0;
14:24:06:195;-61;-85;-99;-77;0;0;0;0;0;0;0;0;0;0;0;0;0;0;0;1;5;6;9;1;0;2;0;10;10;10;14;14;0;0;0;0;0;lock;1;1;0;0;BLE_CHANNEL_38;BLE_CHANNEL_38;BLE_CHANNEL_37;BLE_CHANNEL_38;UNKNOWN;UNKNOWN;UNKNOWN;UNKNOWN;UNKNOWN;0;
14:24:06:308;-60;-85;-99;-77;0;0;0;0;0;0;0;0;0;0;0;0;0;0;0;1;5;6;9;1;0;2;0;10;10;10;14;14;0;0;0;0;0;lock;1;1;0;0;BLE_CHANNEL_38;BLE_CHANNEL_38;BLE_CHANNEL_37;BLE_CHANNEL_38;UNKNOWN;UNKNOWN;UNKNOWN;UNKNOWN;UNKNOWN;0;
14:24:06:424;-61;-85;-99;-78;0;0;0;0;0;0;1;0;0;0;0;0;0;0;0;1;5;6;9;1;0;2;0;10;10;10;14;14;0;0;0;0;0;lock;1;1;0;0;BLE_CHANNEL_38;BLE_CHANNEL_38;BLE_CHANNEL_37;BLE_CHANNEL_38;UNKNOWN;UNKNOWN;UNKNOWN;UNKNOWN;UNKNOWN;0;
14:24:06:534;-60;-85;-99;-77;0;0;0;0;0;1;0;0;1;0;0;0;0;0;0;1;5;6;9;1;0;2;0;10;10;10;14;14;0;0;0;0;0;lock;1;1;0;0;BLE_CHANNEL_38;BLE_CHANNEL_38;BLE_CHANNEL_37;BLE_CHANNEL_38;UNKNOWN;UNKNOWN;UNKNOWN;UNKNOWN;UNKNOWN;0;
14:24:06:643;-61;-84;-99;-78;0;0;0;0;0;0;0;0;1;0;0;0;0;0;0;1;5;6;9;1;0;2;0;10;10;10;14;14;0;0;0;0;0;lock;1;1;0;0;BLE_CHANNEL_38;BLE_CHANNEL_38;BLE_CHANNEL_37;BLE_CHANNEL_38;UNKNOWN;UNKNOWN;UNKNOWN;UNKNOWN;UNKNOWN;0;
14:24:06:759;-60;-84;-99;-78;0;0;0;0;0;0;0;0;0;0;0;0;0;0;0;1;5;6;9;1;0;2;0;10;10;10;14;14;0;0;0;0;0;lock;1;1;0;0;BLE_CHANNEL_38;BLE_CHANNEL_38;BLE_CHANNEL_37;BLE_CHANNEL_38;UNKNOWN;UNKNOWN;UNKNOWN;UNKNOWN;UNKNOWN;0;
14:24:06:880;-60;-84;-99;-78;0;0;0;0;0;0;0;0;0;0;0;0;0;0;0;1;5;6;9;1;0;2;0;10;10;10;14;14;0;0;0;0;0;lock;1;1;0;0;BLE_CHANNEL_38;BLE_CHANNEL_38;BLE_CHANNEL_37;BLE_CHANNEL_38;UNKNOWN;UNKNOWN;UNKNOWN;UNKNOWN;UNKNOWN;0;
14:24:07:009;-61;-83;-99;-78;0;0;0;0;0;0;1;0;0;0;0;0;0;0;0;1;5;6;9;1;0;2;0;10;10;10;14;14;0;0;0;0;0;lock;1;1;0;0;BLE_CHANNEL_38;BLE_CHANNEL_38;BLE_CHANNEL_37;BLE_CHANNEL_38;UNKNOWN;UNKNOWN;UNKNOWN;UNKNOWN;UNKNOWN;0;
14:24:07:121;-60;-85;-99;-78;0;0;0;0;0;1;0;0;1;0;0;0;0;0;0;1;5;6;9;1;0;2;0;10;10;10;14;14;0;0;0;0;0;lock;1;1;0;0;BLE_CHANNEL_38;BLE_CHANNEL_38;BLE_CHANNEL_37;BLE_CHANNEL_38;UNKNOWN;UNKNOWN;UNKNOWN;UNKNOWN;UNKNOWN;0;
14:24:07:230;-61;-85;-99;-78;0;0;0;0;0;0;0;0;0;0;0;0;0;0;0;1;5;6;9;1;0;2;0;10;10;10;14;14;0;0;0;0;0;lock;1;1;0;0;BLE_CHANNEL_38;BLE_CHANNEL_38;BLE_CHANNEL_37;BLE_CHANNEL_38;UNKNOWN;UNKNOWN;UNKNOWN;UNKNOWN;UNKNOWN;0;
14:24:07:340;-60;-84;-99;-78;0;0;0;0;0;0;0;0;0;0;0;0;0;0;0;1;5;6;9;1;0;2;0;10;10;10;14;14;0;0;0;0;0;lock;1;1;0;0;BLE_CHANNEL_38;BLE_CHANNEL_38;BLE_CHANNEL_37;BLE_CHANNEL_38;UNKNOWN;UNKNOWN;UNKNOWN;UNKNOWN;UNKNOWN;0;
14:24:07:449;-61;-84;-99;-78;0;0;0;0;0;0;1;0;0;0;0;0;0;0;0;1;5;6;9;1;0;2;0;10;10;10;14;14;0;0;0;0;0;lock;1;1;0;0;BLE_CHANNEL_38;BLE_CHANNEL_38;BLE_CHANNEL_37;BLE_CHANNEL_38;UNKNOWN;UNKNOWN;UNKNOWN;UNKNOWN;UNKNOWN;0;
14:24:07:567;-61;-84;-99;-78;0;0;0;0;0;0;0;0;0;0;0;0;0;0;0;1;5;6;9;1;0;2;0;10;10;10;14;14;0;0;0;0;0;lock;1;1;0;0;BLE_CHANNEL_38;BLE_CHANNEL_38;BLE_CHANNEL_37;BLE_CHANNEL_38;UNKNOWN;UNKNOWN;UNKNOWN;UNKNOWN;UNKNOWN;0;
14:24:07:677;-61;-84;-99;-78;0;0;0;0;0;1;0;0;0;0;0;0;0;0;0;1;5;6;9;1;0;2;0;10;10;10;14;14;0;0;0;0;0;lock;1;1;0;0;BLE_CHANNEL_38;BLE_CHANNEL_38;BLE_CHANNEL_37;BLE_CHANNEL_38;UNKNOWN;UNKNOWN;UNKNOWN;UNKNOWN;UNKNOWN;0;
14:24:07:789;-60;-84;-99;-78;0;0;0;0;0;0;0;0;0;0;0;0;0;0;0;1;5;6;9;1;0;2;0;10;10;10;14;14;0;0;0;0;0;lock;1;1;0;0;BLE_CHANNEL_38;BLE_CHANNEL_38;BLE_CHANNEL_37;BLE_CHANNEL_38;UNKNOWN;UNKNOWN;UNKNOWN;UNKNOWN;UNKNOWN;0;
14:24:07:900;-61;-84;-99;-78;0;0;0;0;0;0;0;0;0;0;0;0;0;0;0;1;5;6;9;1;0;2;0;10;10;10;14;14;0;0;0;0;0;lock;1;1;0;0;BLE_CHANNEL_38;BLE_CHANNEL_38;BLE_CHANNEL_37;BLE_CHANNEL_38;UNKNOWN;UNKNOWN;UNKNOWN;UNKNOWN;UNKNOWN;0;
14:24:08:018;-60;-84;-99;-78;0;0;0;0;0;0;1;0;0;0;0;0;0;0;0;1;5;6;9;1;0;2;0;10;10;10;14;14;0;0;0;0;0;lock;1;1;0;0;BLE_CHANNEL_38;BLE_CHANNEL_38;BLE_CHANNEL_37;BLE_CHANNEL_38;UNKNOWN;UNKNOWN;UNKNOWN;UNKNOWN;UNKNOWN;0;
14:24:08:139;-61;-84;-99;-78;0;0;0;0;0;1;0;0;0;0;0;0;0;0;0;1;5;6;9;1;0;2;0;10;10;10;14;14;0;0;0;0;0;lock;1;1;0;0;BLE_CHANNEL_38;BLE_CHANNEL_38;BLE_CHANNEL_37;BLE_CHANNEL_38;UNKNOWN;UNKNOWN;UNKNOWN;UNKNOWN;UNKNOWN;0;
14:24:08:254;-60;-84;-99;-78;0;0;0;0;0;0;0;0;0;0;0;0;0;0;0;1;5;6;9;1;0;2;0;10;10;10;14;14;0;0;0;0;0;lock;1;1;0;0;BLE_CHANNEL_38;BLE_CHANNEL_38;BLE_CHANNEL_37;BLE_CHANNEL_38;UNKNOWN;UNKNOWN;UNKNOWN;UNKNOWN;UNKNOWN;0;
14:24:08:375;-61;-84;-99;-78;0;0;0;0;0;0;0;0;0;0;0;0;0;0;0;1;5;6;9;1;0;2;0;10;10;10;14;14;0;0;0;0;0;lock;1;1;0;0;BLE_CHANNEL_38;BLE_CHANNEL_38;BLE_CHANNEL_37;BLE_CHANNEL_38;UNKNOWN;UNKNOWN;UNKNOWN;UNKNOWN;UNKNOWN;0;
14:24:08:486;-61;-84;-99;-78;0;0;0;0;0;0;1;0;0;0;0;0;0;0;0;1;5;6;9;1;0;2;0;10;10;10;14;14;0;0;0;0;0;lock;1;1;0;0;BLE_CHANNEL_38;BLE_CHANNEL_38;BLE_CHANNEL_37;BLE_CHANNEL_38;UNKNOWN;UNKNOWN;UNKNOWN;UNKNOWN;UNKNOWN;0;
14:24:08:596;-60;-84;-99;-78;0;0;0;0;0;1;0;0;0;0;0;0;0;0;0;1;5;6;9;1;0;2;0;10;10;10;14;14;0;0;0;0;0;lock;1;1;0;0;BLE_CHANNEL_38;BLE_CHANNEL_38;BLE_CHANNEL_37;BLE_CHANNEL_38;UNKNOWN;UNKNOWN;UNKNOWN;UNKNOWN;UNKNOWN;0;
14:24:08:706;-61;-85;-99;-78;0;0;0;0;0;1;0;0;0;0;0;0;0;0;0;1;5;6;9;1;0;2;0;10;10;10;14;14;0;0;0;0;0;lock;1;1;0;0;BLE_CHANNEL_38;BLE_CHANNEL_38;BLE_CHANNEL_37;BLE_CHANNEL_38;UNKNOWN;UNKNOWN;UNKNOWN;UNKNOWN;UNKNOWN;0;
14:24:08:817;-61;-84;-99;-78;0;0;0;0;0;0;0;0;0;0;0;0;0;0;0;1;5;6;9;1;0;2;0;10;10;10;14;14;0;0;0;0;0;lock;1;1;0;0;BLE_CHANNEL_38;BLE_CHANNEL_38;BLE_CHANNEL_37;BLE_CHANNEL_38;UNKNOWN;UNKNOWN;UNKNOWN;UNKNOWN;UNKNOWN;0;
14:24:08:948;-60;-84;-99;-78;0;0;0;0;0;0;0;0;0;0;0;0;0;0;0;1;5;6;9;1;0;2;0;10;10;10;14;14;0;0;0;0;0;lock;1;1;0;0;BLE_CHANNEL_38;BLE_CHANNEL_38;BLE_CHANNEL_37;BLE_CHANNEL_38;UNKNOWN;UNKNOWN;UNKNOWN;UNKNOWN;UNKNOWN;0;
14:24:09:069;-61;-84;-99;-78;0;0;0;0;0;0;1;0;0;0;0;0;0;0;0;1;5;6;9;1;0;2;0;10;10;10;14;14;0;0;0;0;0;lock;1;1;0;0;BLE_CHANNEL_38;BLE_CHANNEL_38;BLE_CHANNEL_37;BLE_CHANNEL_38;UNKNOWN;UNKNOWN;UNKNOWN;UNKNOWN;UNKNOWN;0;
14:24:09:189;-60;-84;-99;-78;0;0;0;0;0;1;0;0;0;0;0;0;0;0;0;1;5;6;9;1;0;2;0;10;10;10;14;14;0;0;0;0;0;lock;1;1;0;0;BLE_CHANNEL_38;BLE_CHANNEL_38;BLE_CHANNEL_37;BLE_CHANNEL_38;UNKNOWN;UNKNOWN;UNKNOWN;UNKNOWN;UNKNOWN;0;
14:24:09:304;-60;-84;-99;-78;0;0;0;0;0;0;0;0;0;0;0;0;0;0;0;1;5;6;9;1;0;2;0;10;10;10;14;14;0;0;0;0;0;lock;1;1;0;0;BLE_CHANNEL_38;BLE_CHANNEL_38;BLE_CHANNEL_37;BLE_CHANNEL_38;UNKNOWN;UNKNOWN;UNKNOWN;UNKNOWN;UNKNOWN;0;
14:24:09:428;-60;-84;-99;-78;0;0;0;0;0;0;0;0;0;0;0;0;0;0;0;1;5;6;9;1;0;2;0;10;10;10;14;14;0;0;0;0;0;lock;1;1;0;0;BLE_CHANNEL_38;BLE_CHANNEL_38;BLE_CHANNEL_37;BLE_CHANNEL_38;UNKNOWN;UNKNOWN;UNKNOWN;UNKNOWN;UNKNOWN;0;
14:24:09:538;-60;-84;-99;-78;0;0;0;0;0;0;1;0;0;0;0;0;0;0;0;1;5;6;9;1;0;2;0;10;10;10;14;14;0;0;0;0;0;lock;1;1;0;0;BLE_CHANNEL_38;BLE_CHANNEL_38;BLE_CHANNEL_37;BLE_CHANNEL_38;UNKNOWN;UNKNOWN;UNKNOWN;UNKNOWN;UNKNOWN;0;
14:24:09:655;-60;-84;-99;-78;0;0;0;0;0;0;0;0;0;0;0;0;0;0;0;1;5;6;9;1;0;2;0;10;10;10;14;14;0;0;0;0;0;lock;1;1;0;0;BLE_CHANNEL_38;BLE_CHANNEL_38;BLE_CHANNEL_37;BLE_CHANNEL_38;UNKNOWN;UNKNOWN;UNKNOWN;UNKNOWN;UNKNOWN;0;
14:24:09:777;-65;-81;-91;-88;0;0;0;0;0;0;0;1;0;0;0;0;0;0;0;1;5;6;9;1;0;2;0;10;10;10;14;14;0;0;0;0;0;lock;1;1;0;0;BLE_CHANNEL_39;BLE_CHANNEL_39;BLE_CHANNEL_39;BLE_CHANNEL_39;UNKNOWN;UNKNOWN;UNKNOWN;UNKNOWN;UNKNOWN;0;
14:24:09:889;-65;-81;-88;-90;0;0;0;0;0;1;0;0;1;0;0;0;0;0;0;1;5;6;9;1;0;2;0;10;10;10;14;14;0;0;0;0;0;lock;1;1;0;0;BLE_CHANNEL_39;BLE_CHANNEL_39;BLE_CHANNEL_39;BLE_CHANNEL_39;UNKNOWN;UNKNOWN;UNKNOWN;UNKNOWN;UNKNOWN;0;
14:24:10:007;-66;-81;-90;-89;0;0;0;0;0;0;0;0;0;0;0;0;0;0;0;1;5;6;9;1;0;2;0;10;10;10;14;14;0;0;0;0;0;lock;1;1;0;0;BLE_CHANNEL_39;BLE_CHANNEL_39;BLE_CHANNEL_39;BLE_CHANNEL_39;UNKNOWN;UNKNOWN;UNKNOWN;UNKNOWN;UNKNOWN;0;
14:24:10:119;-65;-81;-91;-90;0;0;0;0;0;0;1;1;0;0;0;0;0;0;0;1;5;6;9;1;0;2;0;10;10;10;14;14;0;0;0;0;0;lock;1;1;0;0;BLE_CHANNEL_39;BLE_CHANNEL_39;BLE_CHANNEL_39;BLE_CHANNEL_39;UNKNOWN;UNKNOWN;UNKNOWN;UNKNOWN;UNKNOWN;0;
14:24:10:254;-65;-82;-91;-90;0;0;0;0;0;0;1;1;0;0;0;0;0;0;0;1;5;6;9;1;0;2;0;10;10;10;14;14;0;0;0;0;0;lock;1;1;0;0;BLE_CHANNEL_39;BLE_CHANNEL_39;BLE_CHANNEL_39;BLE_CHANNEL_39;UNKNOWN;UNKNOWN;UNKNOWN;UNKNOWN;UNKNOWN;0;
14:24:10:366;-66;-81;-90;-90;0;0;0;0;0;1;0;0;1;0;0;0;0;0;0;1;5;6;9;1;0;2;0;10;10;10;14;14;0;0;0;0;0;lock;1;1;0;0;BLE_CHANNEL_39;BLE_CHANNEL_39;BLE_CHANNEL_39;BLE_CHANNEL_39;UNKNOWN;UNKNOWN;UNKNOWN;UNKNOWN;UNKNOWN;0;
14:24:10:480;-65;-81;-90;-90;0;0;0;0;0;0;0;0;1;0;0;0;0;0;0;1;5;6;9;1;0;2;0;10;10;10;14;14;0;0;0;0;0;lock;1;1;0;0;BLE_CHANNEL_39;BLE_CHANNEL_39;BLE_CHANNEL_39;BLE_CHANNEL_39;UNKNOWN;UNKNOWN;UNKNOWN;UNKNOWN;UNKNOWN;0;
14:24:10:589;-66;-81;-90;-90;0;0;0;0;0;0;1;1;0;0;0;0;0;0;0;1;5;6;9;1;0;2;0;10;10;10;14;14;0;0;0;0;0;lock;1;1;0;0;BLE_CHANNEL_39;BLE_CHANNEL_39;BLE_CHANNEL_39;BLE_CHANNEL_39;UNKNOWN;UNKNOWN;UNKNOWN;UNKNOWN;UNKNOWN;0;
14:24:10:698;-66;-80;-90;-89;0;0;0;0;0;0;1;1;0;0;0;0;0;0;0;1;5;6;9;1;0;2;0;10;10;10;14;14;0;0;0;0;0;lock;1;1;0;0;BLE_CHANNEL_39;BLE_CHANNEL_39;BLE_CHANNEL_39;BLE_CHANNEL_39;UNKNOWN;UNKNOWN;UNKNOWN;UNKNOWN;UNKNOWN;0;
14:24:10:808;-66;-81;-89;-90;0;0;0;0;0;1;0;1;0;0;0;0;0;0;0;1;5;6;9;1;0;2;0;10;10;10;14;14;0;0;0;0;0;lock;1;1;0;0;BLE_CHANNEL_39;BLE_CHANNEL_39;BLE_CHANNEL_39;BLE_CHANNEL_39;UNKNOWN;UNKNOWN;UNKNOWN;UNKNOWN;UNKNOWN;0;
14:24:10:922;-66;-80;-91;-90;0;0;0;0;0;1;0;0;0;0;0;0;0;0;0;1;5;6;9;1;0;2;0;10;10;10;14;14;0;0;0;0;0;lock;1;1;0;0;BLE_CHANNEL_39;BLE_CHANNEL_39;BLE_CHANNEL_39;BLE_CHANNEL_39;UNKNOWN;UNKNOWN;UNKNOWN;UNKNOWN;UNKNOWN;0;
14:24:11:048;-66;-81;-90;-90;0;0;0;0;0;0;0;0;0;0;0;0;0;0;0;1;5;6;9;1;0;2;0;10;10;10;14;14;0;0;0;0;0;lock;1;1;0;0;BLE_CHANNEL_39;BLE_CHANNEL_39;BLE_CHANNEL_39;BLE_CHANNEL_39;UNKNOWN;UNKNOWN;UNKNOWN;UNKNOWN;UNKNOWN;0;
14:24:11:158;-66;-81;-91;-90;0;0;0;0;0;0;1;1;0;0;0;0;0;0;0;1;5;6;9;1;0;2;0;10;10;10;14;14;0;0;0;0;0;lock;1;1;0;0;BLE_CHANNEL_39;BLE_CHANNEL_39;BLE_CHANNEL_39;BLE_CHANNEL_39;UNKNOWN;UNKNOWN;UNKNOWN;UNKNOWN;UNKNOWN;0;
14:24:11:267;-66;-80;-90;-89;0;0;0;0;0;0;1;1;0;0;0;0;0;0;0;1;5;6;9;1;0;2;0;10;10;10;14;14;0;0;0;0;0;lock;1;1;0;0;BLE_CHANNEL_39;BLE_CHANNEL_39;BLE_CHANNEL_39;BLE_CHANNEL_39;UNKNOWN;UNKNOWN;UNKNOWN;UNKNOWN;UNKNOWN;0;
14:24:11:379;-66;-81;-92;-90;0;0;0;0;0;1;0;0;0;0;0;0;0;0;0;1;5;6;9;1;0;2;0;10;10;10;14;14;0;0;0;0;0;lock;1;1;0;0;BLE_CHANNEL_39;BLE_CHANNEL_39;BLE_CHANNEL_39;BLE_CHANNEL_39;UNKNOWN;UNKNOWN;UNKNOWN;UNKNOWN;UNKNOWN;0;
14:24:11:495;-66;-81;-90;-90;0;0;0;0;0;0;0;0;1;0;0;0;0;0;0;1;5;6;9;1;0;2;0;10;10;10;14;14;0;0;0;0;0;lock;1;1;0;0;BLE_CHANNEL_39;BLE_CHANNEL_39;BLE_CHANNEL_39;BLE_CHANNEL_39;UNKNOWN;UNKNOWN;UNKNOWN;UNKNOWN;UNKNOWN;0;
14:24:11:609;-65;-81;-90;-90;0;0;0;0;0;0;0;0;0;0;0;0;0;0;0;1;5;6;9;1;0;2;0;10;10;10;14;14;0;0;0;0;0;lock;1;1;0;0;BLE_CHANNEL_39;BLE_CHANNEL_39;BLE_CHANNEL_39;BLE_CHANNEL_39;UNKNOWN;UNKNOWN;UNKNOWN;UNKNOWN;UNKNOWN;0;
14:24:11:719;-65;-81;-90;-90;0;0;0;0;0;0;0;0;0;0;0;0;0;0;0;1;5;6;9;1;0;2;0;10;10;10;14;14;0;0;0;0;0;lock;1;1;0;0;BLE_CHANNEL_39;BLE_CHANNEL_39;BLE_CHANNEL_39;BLE_CHANNEL_39;UNKNOWN;UNKNOWN;UNKNOWN;UNKNOWN;UNKNOWN;0;
14:24:11:828;-65;-81;-91;-91;0;0;0;0;0;0;1;1;0;0;0;0;0;0;0;1;5;6;9;1;0;2;0;10;10;10;14;14;0;0;0;0;0;lock;1;1;0;0;BLE_CHANNEL_39;BLE_CHANNEL_39;BLE_CHANNEL_39;BLE_CHANNEL_39;UNKNOWN;UNKNOWN;UNKNOWN;UNKNOWN;UNKNOWN;0;
14:24:11:949;-65;-80;-89;-90;0;0;0;0;0;0;0;0;0;0;0;0;0;0;0;1;5;6;9;1;0;2;0;10;10;10;14;14;0;0;0;0;0;lock;1;1;0;0;BLE_CHANNEL_39;BLE_CHANNEL_39;BLE_CHANNEL_39;BLE_CHANNEL_39;UNKNOWN;UNKNOWN;UNKNOWN;UNKNOWN;UNKNOWN;0;
14:24:12:070;-66;-80;-90;-89;0;0;0;0;0;0;0;0;0;0;0;0;0;0;0;1;5;6;9;1;0;2;0;10;10;10;14;14;0;0;0;0;0;lock;1;1;0;0;BLE_CHANNEL_39;BLE_CHANNEL_39;BLE_CHANNEL_39;BLE_CHANNEL_39;UNKNOWN;UNKNOWN;UNKNOWN;UNKNOWN;UNKNOWN;0;
14:24:12:181;-65;-81;-91;-90;0;0;0;0;0;0;0;0;0;0;0;0;0;0;0;1;5;6;9;1;0;2;0;10;10;10;14;14;0;0;0;0;0;lock;1;1;0;0;BLE_CHANNEL_39;BLE_CHANNEL_39;BLE_CHANNEL_39;BLE_CHANNEL_39;UNKNOWN;UNKNOWN;UNKNOWN;UNKNOWN;UNKNOWN;0;
14:24:12:317;-66;-80;-90;-90;0;0;0;0;0;0;0;0;0;0;0;0;0;0;0;1;5;6;9;1;0;2;0;10;10;10;14;14;0;0;0;0;0;lock;1;1;0;0;BLE_CHANNEL_39;BLE_CHANNEL_39;BLE_CHANNEL_39;BLE_CHANNEL_39;UNKNOWN;UNKNOWN;UNKNOWN;UNKNOWN;UNKNOWN;0;
14:24:12:428;-65;-81;-90;-91;0;0;0;0;0;1;0;0;1;0;0;0;0;0;0;1;5;6;9;1;0;2;0;10;10;10;14;14;0;0;0;0;0;lock;1;1;0;0;BLE_CHANNEL_39;BLE_CHANNEL_39;BLE_CHANNEL_39;BLE_CHANNEL_39;UNKNOWN;UNKNOWN;UNKNOWN;UNKNOWN;UNKNOWN;0;
14:24:12:559;-66;-81;-90;-90;0;0;0;0;0;0;0;0;1;0;0;0;0;0;0;1;5;6;9;1;0;2;0;10;10;10;14;14;0;0;0;0;0;lock;1;1;0;0;BLE_CHANNEL_39;BLE_CHANNEL_39;BLE_CHANNEL_39;BLE_CHANNEL_39;UNKNOWN;UNKNOWN;UNKNOWN;UNKNOWN;UNKNOWN;0;
14:24:12:680;-65;-81;-91;-90;0;0;0;0;0;0;1;0;0;0;0;0;0;0;0;1;5;6;9;1;0;2;0;10;10;10;14;14;0;0;0;0;0;lock;1;1;0;0;BLE_CHANNEL_39;BLE_CHANNEL_39;BLE_CHANNEL_39;BLE_CHANNEL_39;UNKNOWN;UNKNOWN;UNKNOWN;UNKNOWN;UNKNOWN;0;
14:24:12:791;-66;-80;-91;-91;0;0;0;0;0;1;1;1;0;0;0;0;0;0;0;1;5;6;9;1;0;2;0;10;10;10;14;14;0;0;0;0;0;lock;1;1;0;0;BLE_CHANNEL_39;BLE_CHANNEL_39;BLE_CHANNEL_39;BLE_CHANNEL_39;UNKNOWN;UNKNOWN;UNKNOWN;UNKNOWN;UNKNOWN;0;
14:24:12:902;-66;-80;-91;-90;0;0;0;0;0;1;0;0;1;0;0;0;0;0;0;1;5;6;9;1;0;2;0;10;10;10;14;14;0;0;0;0;0;lock;1;1;0;0;BLE_CHANNEL_39;BLE_CHANNEL_39;BLE_CHANNEL_39;BLE_CHANNEL_39;UNKNOWN;UNKNOWN;UNKNOWN;UNKNOWN;UNKNOWN;0;
14:24:13:012;-66;-80;-90;-90;0;0;0;0;0;0;0;0;1;0;0;0;0;0;0;1;5;6;9;1;0;2;0;10;10;10;14;14;0;0;0;0;0;lock;1;1;0;0;BLE_CHANNEL_39;BLE_CHANNEL_39;BLE_CHANNEL_39;BLE_CHANNEL_39;UNKNOWN;UNKNOWN;UNKNOWN;UNKNOWN;UNKNOWN;0;
14:24:13:122;-65;-81;-91;-90;0;0;0;0;0;0;0;0;0;0;0;0;0;0;0;1;5;6;9;1;0;2;0;10;10;10;14;14;0;0;0;0;0;lock;1;1;0;0;BLE_CHANNEL_39;BLE_CHANNEL_39;BLE_CHANNEL_39;BLE_CHANNEL_39;UNKNOWN;UNKNOWN;UNKNOWN;UNKNOWN;UNKNOWN;0;
14:24:13:234;-66;-80;-90;-90;0;0;0;0;0;0;1;0;0;0;0;0;0;0;0;1;5;6;9;1;0;2;0;10;10;10;14;14;0;0;0;0;0;lock;1;1;0;0;BLE_CHANNEL_39;BLE_CHANNEL_39;BLE_CHANNEL_39;BLE_CHANNEL_39;UNKNOWN;UNKNOWN;UNKNOWN;UNKNOWN;UNKNOWN;0;
14:24:13:354;-65;-81;-90;-90;0;0;0;0;0;0;0;0;0;0;0;0;0;0;0;1;5;6;9;1;0;2;0;10;10;10;14;14;0;0;0;0;0;lock;1;1;0;0;BLE_CHANNEL_39;BLE_CHANNEL_39;BLE_CHANNEL_39;BLE_CHANNEL_39;UNKNOWN;UNKNOWN;UNKNOWN;UNKNOWN;UNKNOWN;0;
14:24:13:472;-65;-81;-91;-90;0;0;0;0;0;0;0;0;0;0;0;0;0;0;0;1;5;6;9;1;0;2;0;10;10;10;14;14;0;0;0;0;0;lock;1;1;0;0;BLE_CHANNEL_39;BLE_CHANNEL_39;BLE_CHANNEL_39;BLE_CHANNEL_39;UNKNOWN;UNKNOWN;UNKNOWN;UNKNOWN;UNKNOWN;0;
14:24:13:592;-65;-81;-90;-91;0;0;0;0;0;0;0;0;0;0;0;0;0;0;0;1;5;6;9;1;0;2;0;10;10;10;14;14;0;0;0;0;0;lock;1;1;0;0;BLE_CHANNEL_39;BLE_CHANNEL_39;BLE_CHANNEL_39;BLE_CHANNEL_39;UNKNOWN;UNKNOWN;UNKNOWN;UNKNOWN;UNKNOWN;0;
14:24:13:708;-65;-81;-90;-95;0;0;0;0;0;0;1;0;0;0;0;0;0;0;0;1;5;6;9;1;0;2;0;10;10;10;14;14;0;0;0;0;0;lock;1;1;0;0;BLE_CHANNEL_39;BLE_CHANNEL_39;BLE_CHANNEL_39;BLE_CHANNEL_39;UNKNOWN;UNKNOWN;UNKNOWN;UNKNOWN;UNKNOWN;0;
14:24:13:818;-65;-80;-90;-91;0;0;0;0;0;1;1;1;0;0;0;0;0;0;0;1;5;6;9;1;0;2;0;10;10;10;14;14;0;0;0;0;0;lock;1;1;0;0;BLE_CHANNEL_39;BLE_CHANNEL_39;BLE_CHANNEL_39;BLE_CHANNEL_39;UNKNOWN;UNKNOWN;UNKNOWN;UNKNOWN;UNKNOWN;0;
14:24:13:928;-65;-80;-91;-90;0;0;0;0;0;1;0;0;0;0;0;0;0;0;0;1;5;6;9;1;0;2;0;10;10;10;14;14;0;0;0;0;0;lock;1;1;0;0;BLE_CHANNEL_39;BLE_CHANNEL_39;BLE_CHANNEL_39;BLE_CHANNEL_39;UNKNOWN;UNKNOWN;UNKNOWN;UNKNOWN;UNKNOWN;0;
14:24:14:038;-66;-80;-90;-92;0;0;0;0;0;0;0;0;0;0;0;0;0;0;0;1;5;6;9;1;0;2;0;10;10;10;14;14;0;0;0;0;0;lock;1;1;0;0;BLE_CHANNEL_39;BLE_CHANNEL_39;BLE_CHANNEL_39;BLE_CHANNEL_39;UNKNOWN;UNKNOWN;UNKNOWN;UNKNOWN;UNKNOWN;0;
14:24:14:159;-65;-81;-91;-94;0;0;0;0;0;0;0;0;0;0;0;0;0;0;0;1;5;6;9;1;0;2;0;10;10;10;14;14;0;0;0;0;0;lock;1;1;0;0;BLE_CHANNEL_39;BLE_CHANNEL_39;BLE_CHANNEL_39;BLE_CHANNEL_39;UNKNOWN;UNKNOWN;UNKNOWN;UNKNOWN;UNKNOWN;0;
14:24:14:271;-66;-81;-90;-95;0;0;0;0;0;0;1;0;0;0;0;0;0;0;0;1;5;6;9;1;0;2;0;10;10;10;14;14;0;0;0;0;0;lock;1;1;0;0;BLE_CHANNEL_39;BLE_CHANNEL_39;BLE_CHANNEL_39;BLE_CHANNEL_39;UNKNOWN;UNKNOWN;UNKNOWN;UNKNOWN;UNKNOWN;0;
14:24:14:387;-66;-81;-91;-91;0;0;0;0;0;0;0;1;0;0;0;0;0;0;0;1;5;6;9;1;0;2;0;10;10;10;14;14;0;0;0;0;0;lock;1;1;0;0;BLE_CHANNEL_39;BLE_CHANNEL_39;BLE_CHANNEL_39;BLE_CHANNEL_39;UNKNOWN;UNKNOWN;UNKNOWN;UNKNOWN;UNKNOWN;0;
14:24:14:507;-67;-80;-92;-87;0;0;0;0;0;1;0;0;0;0;0;0;0;0;0;1;5;6;9;1;0;2;0;10;10;10;14;14;0;0;0;0;0;lock;1;1;0;0;BLE_CHANNEL_39;BLE_CHANNEL_39;BLE_CHANNEL_39;BLE_CHANNEL_39;UNKNOWN;UNKNOWN;UNKNOWN;UNKNOWN;UNKNOWN;0;
14:24:14:618;-65;-80;-93;-85;0;0;0;0;0;1;0;0;0;0;0;0;0;0;0;1;5;6;9;1;0;2;0;10;10;10;14;14;0;0;0;0;0;lock;1;1;0;0;BLE_CHANNEL_37;BLE_CHANNEL_39;BLE_CHANNEL_39;BLE_CHANNEL_39;UNKNOWN;UNKNOWN;UNKNOWN;UNKNOWN;UNKNOWN;0;
14:24:14:728;-64;-83;-93;-84;0;0;0;0;0;0;0;0;0;0;0;0;0;0;0;1;5;6;9;1;0;2;0;10;10;10;14;14;0;0;0;0;0;lock;1;1;0;0;BLE_CHANNEL_37;BLE_CHANNEL_37;BLE_CHANNEL_39;BLE_CHANNEL_37;UNKNOWN;UNKNOWN;UNKNOWN;UNKNOWN;UNKNOWN;0;
14:24:14:842;-63;-82;-93;-82;0;0;0;0;0;0;0;0;1;0;0;0;0;0;0;1;5;6;9;1;0;2;0;10;10;10;14;14;0;0;0;0;0;lock;1;1;0;0;BLE_CHANNEL_37;BLE_CHANNEL_37;BLE_CHANNEL_39;BLE_CHANNEL_37;UNKNOWN;UNKNOWN;UNKNOWN;UNKNOWN;UNKNOWN;0;
14:24:14:959;-64;-81;-93;-82;0;0;0;0;0;0;0;0;0;0;0;0;0;0;0;1;5;6;9;1;0;2;0;10;10;10;14;14;0;0;0;0;0;lock;1;1;0;0;BLE_CHANNEL_37;BLE_CHANNEL_37;BLE_CHANNEL_37;BLE_CHANNEL_37;UNKNOWN;UNKNOWN;UNKNOWN;UNKNOWN;UNKNOWN;0;
14:24:15:076;-63;-80;-94;-79;0;0;0;0;0;0;0;1;0;0;0;0;0;0;0;1;5;6;9;1;0;2;0;10;10;10;14;14;0;0;0;0;0;lock;1;1;0;0;BLE_CHANNEL_37;BLE_CHANNEL_37;BLE_CHANNEL_37;BLE_CHANNEL_37;UNKNOWN;UNKNOWN;UNKNOWN;UNKNOWN;UNKNOWN;0;
14:24:15:190;-65;-83;-94;-79;0;0;0;0;0;1;0;0;0;0;0;0;0;0;0;1;5;6;9;1;0;2;0;10;10;10;14;14;0;0;0;0;0;lock;1;1;0;0;BLE_CHANNEL_37;BLE_CHANNEL_37;BLE_CHANNEL_37;BLE_CHANNEL_37;UNKNOWN;UNKNOWN;UNKNOWN;UNKNOWN;UNKNOWN;0;
14:24:15:307;-65;-82;-92;-77;0;0;0;0;0;0;0;0;0;0;0;0;0;0;0;1;5;6;9;1;0;2;0;10;10;10;14;14;0;0;0;0;0;lock;1;1;0;0;BLE_CHANNEL_37;BLE_CHANNEL_37;BLE_CHANNEL_37;BLE_CHANNEL_37;UNKNOWN;UNKNOWN;UNKNOWN;UNKNOWN;UNKNOWN;0;
14:24:15:417;-63;-83;-92;-79;0;0;0;0;0;0;0;0;0;0;0;0;0;0;0;1;5;6;9;1;0;2;0;10;10;10;14;14;0;0;0;0;0;lock;1;1;0;0;BLE_CHANNEL_37;BLE_CHANNEL_37;BLE_CHANNEL_37;BLE_CHANNEL_37;UNKNOWN;UNKNOWN;UNKNOWN;UNKNOWN;UNKNOWN;0;
14:24:15:528;-66;-82;-92;-81;0;0;0;0;0;0;0;0;0;0;0;0;0;0;0;1;5;6;9;1;0;2;0;10;10;10;14;14;0;0;0;0;0;lock;1;1;0;0;BLE_CHANNEL_37;BLE_CHANNEL_37;BLE_CHANNEL_37;BLE_CHANNEL_37;UNKNOWN;UNKNOWN;UNKNOWN;UNKNOWN;UNKNOWN;0;
14:24:15:664;-65;-81;-92;-81;0;0;0;0;0;0;0;0;0;0;0;0;0;0;0;1;5;6;9;1;0;2;0;10;10;10;14;14;0;0;0;0;0;lock;1;1;0;0;BLE_CHANNEL_37;BLE_CHANNEL_37;BLE_CHANNEL_37;BLE_CHANNEL_37;UNKNOWN;UNKNOWN;UNKNOWN;UNKNOWN;UNKNOWN;0;
14:24:15:779;-63;-82;-92;-81;0;0;0;0;0;0;0;0;0;0;0;0;0;0;0;1;5;6;9;1;0;2;0;10;10;10;14;14;0;0;0;0;0;lock;1;1;0;0;BLE_CHANNEL_37;BLE_CHANNEL_37;BLE_CHANNEL_37;BLE_CHANNEL_37;UNKNOWN;UNKNOWN;UNKNOWN;UNKNOWN;UNKNOWN;0;
14:24:15:890;-64;-83;-98;-81;0;0;0;0;0;0;0;0;0;0;0;0;0;0;0;1;5;6;9;1;0;2;0;10;10;10;14;14;0;0;0;0;0;lock;1;1;0;0;BLE_CHANNEL_37;BLE_CHANNEL_37;BLE_CHANNEL_37;BLE_CHANNEL_37;UNKNOWN;UNKNOWN;UNKNOWN;UNKNOWN;UNKNOWN;0;
14:24:16:001;-65;-80;-98;-82;0;0;0;0;0;0;1;0;0;0;0;0;0;0;0;1;5;6;9;1;0;2;0;10;10;10;14;14;0;0;0;0;0;lock;1;1;0;0;BLE_CHANNEL_37;BLE_CHANNEL_37;BLE_CHANNEL_37;BLE_CHANNEL_37;UNKNOWN;UNKNOWN;UNKNOWN;UNKNOWN;UNKNOWN;0;
14:24:16:111;-66;-80;-91;-82;0;0;0;0;0;0;0;1;0;0;0;0;0;0;0;1;5;6;9;1;0;2;0;10;10;10;14;14;0;0;0;0;0;lock;1;1;0;0;BLE_CHANNEL_37;BLE_CHANNEL_37;BLE_CHANNEL_37;BLE_CHANNEL_37;UNKNOWN;UNKNOWN;UNKNOWN;UNKNOWN;UNKNOWN;0;
14:24:16:228;-67;-79;-88;-81;0;0;0;0;0;1;0;0;0;0;0;0;0;0;0;1;5;6;9;1;0;2;0;10;10;10;14;14;0;0;0;0;0;lock;1;1;0;0;BLE_CHANNEL_37;BLE_CHANNEL_37;BLE_CHANNEL_37;BLE_CHANNEL_37;UNKNOWN;UNKNOWN;UNKNOWN;UNKNOWN;UNKNOWN;0;
14:24:16:362;-69;-78;-90;-79;0;0;0;0;0;0;0;0;1;0;0;0;0;0;0;1;5;6;9;1;0;2;0;10;10;10;14;14;0;0;0;0;0;lock;1;1;0;0;BLE_CHANNEL_37;BLE_CHANNEL_37;BLE_CHANNEL_37;BLE_CHANNEL_37;UNKNOWN;UNKNOWN;UNKNOWN;UNKNOWN;UNKNOWN;0;
14:24:16:478;-70;-81;-90;-80;0;0;0;0;0;0;1;0;0;0;0;0;0;0;0;1;5;6;9;1;0;2;0;10;10;10;14;14;0;0;0;0;0;lock;1;1;0;0;BLE_CHANNEL_37;BLE_CHANNEL_37;BLE_CHANNEL_37;BLE_CHANNEL_37;UNKNOWN;UNKNOWN;UNKNOWN;UNKNOWN;UNKNOWN;0;
14:24:16:596;-69;-82;-92;-82;0;0;0;0;0;0;0;1;0;0;0;0;0;0;0;1;5;6;9;1;0;2;0;10;10;10;14;14;0;0;0;0;0;lock;1;1;0;0;BLE_CHANNEL_37;BLE_CHANNEL_37;BLE_CHANNEL_37;BLE_CHANNEL_37;UNKNOWN;UNKNOWN;UNKNOWN;UNKNOWN;UNKNOWN;0;
14:24:16:721;-68;-83;-92;-82;0;0;0;0;0;1;0;0;0;0;0;0;0;0;0;1;5;6;9;1;0;2;0;10;10;10;14;14;0;0;0;0;0;lock;1;1;0;0;BLE_CHANNEL_37;BLE_CHANNEL_37;BLE_CHANNEL_37;BLE_CHANNEL_37;UNKNOWN;UNKNOWN;UNKNOWN;UNKNOWN;UNKNOWN;0;
14:24:16:830;-68;-82;-92;-81;0;0;0;0;0;0;0;0;1;0;0;0;0;0;0;1;5;6;9;1;0;2;0;10;10;10;14;14;0;0;0;0;0;lock;1;1;0;0;BLE_CHANNEL_37;BLE_CHANNEL_37;BLE_CHANNEL_37;BLE_CHANNEL_37;UNKNOWN;UNKNOWN;UNKNOWN;UNKNOWN;UNKNOWN;0;
14:24:16:938;-68;-80;-94;-80;0;0;0;0;0;0;1;0;0;0;0;0;0;0;0;1;5;6;9;1;0;2;0;10;10;10;14;14;0;0;0;0;0;lock;1;1;0;0;BLE_CHANNEL_37;BLE_CHANNEL_37;BLE_CHANNEL_37;BLE_CHANNEL_37;UNKNOWN;UNKNOWN;UNKNOWN;UNKNOWN;UNKNOWN;0;
14:24:17:051;-67;-79;-94;-79;0;0;0;0;0;0;1;0;0;0;0;0;0;0;0;1;5;6;9;1;0;2;0;10;10;10;14;14;0;0;0;0;0;lock;1;1;0;0;BLE_CHANNEL_37;BLE_CHANNEL_37;BLE_CHANNEL_37;BLE_CHANNEL_37;UNKNOWN;UNKNOWN;UNKNOWN;UNKNOWN;UNKNOWN;0;
14:24:17:161;-67;-79;-92;-79;0;0;0;0;0;1;0;0;0;0;0;0;0;0;0;1;5;6;9;1;0;2;0;10;10;10;14;14;0;0;0;0;0;lock;1;1;0;0;BLE_CHANNEL_37;BLE_CHANNEL_37;BLE_CHANNEL_37;BLE_CHANNEL_37;UNKNOWN;UNKNOWN;UNKNOWN;UNKNOWN;UNKNOWN;0;
14:24:17:272;-67;-79;-92;-78;0;0;0;0;0;0;0;0;0;0;0;0;0;0;0;1;5;6;9;1;0;2;0;10;10;10;14;14;0;0;0;0;0;lock;1;1;0;0;BLE_CHANNEL_37;BLE_CHANNEL_37;BLE_CHANNEL_37;BLE_CHANNEL_37;UNKNOWN;UNKNOWN;UNKNOWN;UNKNOWN;UNKNOWN;0;
14:24:17:385;-66;-79;-91;-78;0;0;0;0;0;0;0;0;0;0;0;0;0;0;0;1;5;6;9;1;0;2;0;10;10;10;14;14;0;0;0;0;0;lock;1;1;0;0;BLE_CHANNEL_37;BLE_CHANNEL_37;BLE_CHANNEL_37;BLE_CHANNEL_37;UNKNOWN;UNKNOWN;UNKNOWN;UNKNOWN;UNKNOWN;0;
14:24:17:499;-64;-79;-91;-79;0;0;0;0;0;0;0;0;0;0;0;0;0;0;0;1;5;6;9;1;0;2;0;10;10;10;14;14;0;0;0;0;0;lock;1;1;0;0;BLE_CHANNEL_37;BLE_CHANNEL_37;BLE_CHANNEL_37;BLE_CHANNEL_37;UNKNOWN;UNKNOWN;UNKNOWN;UNKNOWN;UNKNOWN;0;
14:24:17:616;-64;-82;-92;-80;0;0;0;0;0;0;0;1;0;0;0;0;0;0;0;1;5;6;9;1;0;2;0;10;10;10;14;14;0;0;0;0;0;lock;1;1;0;0;BLE_CHANNEL_37;BLE_CHANNEL_37;BLE_CHANNEL_37;BLE_CHANNEL_37;UNKNOWN;UNKNOWN;UNKNOWN;UNKNOWN;UNKNOWN;0;
14:24:17:732;-61;-82;-96;-80;0;0;0;0;0;1;0;0;0;0;0;0;0;0;0;1;5;6;9;1;0;2;0;10;10;10;14;14;0;0;0;0;0;lock;1;1;0;0;BLE_CHANNEL_37;BLE_CHANNEL_37;BLE_CHANNEL_37;BLE_CHANNEL_37;UNKNOWN;UNKNOWN;UNKNOWN;UNKNOWN;UNKNOWN;0;
14:24:17:850;-62;-82;-96;-81;0;0;0;0;0;0;0;0;0;0;0;0;0;0;0;1;5;6;9;1;0;2;0;10;10;10;14;14;0;0;0;0;0;lock;1;1;0;0;BLE_CHANNEL_37;BLE_CHANNEL_37;BLE_CHANNEL_37;BLE_CHANNEL_37;UNKNOWN;UNKNOWN;UNKNOWN;UNKNOWN;UNKNOWN;0;
14:24:17:968;-63;-83;-94;-81;0;0;0;0;0;0;0;0;1;0;0;0;0;0;0;1;5;6;9;1;0;2;0;10;10;10;14;14;0;0;0;0;0;lock;1;1;0;0;BLE_CHANNEL_37;BLE_CHANNEL_37;BLE_CHANNEL_37;BLE_CHANNEL_37;UNKNOWN;UNKNOWN;UNKNOWN;UNKNOWN;UNKNOWN;0;
14:24:18:086;-66;-80;-90;-79;0;0;0;0;0;0;0;0;0;0;0;0;0;0;0;1;5;6;9;1;0;2;0;10;10;10;14;14;0;0;0;0;0;lock;1;1;0;0;BLE_CHANNEL_37;BLE_CHANNEL_37;BLE_CHANNEL_37;BLE_CHANNEL_37;UNKNOWN;UNKNOWN;UNKNOWN;UNKNOWN;UNKNOWN;0;
14:24:18:201;-63;-80;-89;-77;0;0;0;0;0;1;0;0;0;0;0;0;0;0;0;1;5;6;9;1;0;2;0;10;10;10;14;14;0;0;0;0;0;lock;1;1;0;0;BLE_CHANNEL_37;BLE_CHANNEL_37;BLE_CHANNEL_37;BLE_CHANNEL_37;UNKNOWN;UNKNOWN;UNKNOWN;UNKNOWN;UNKNOWN;0;
14:24:18:317;-64;-82;-91;-82;0;0;0;0;0;0;0;0;0;0;0;0;0;0;0;1;5;6;9;1;0;2;0;10;10;10;14;14;0;0;0;0;0;lock;1;1;0;0;BLE_CHANNEL_37;BLE_CHANNEL_37;BLE_CHANNEL_37;BLE_CHANNEL_37;UNKNOWN;UNKNOWN;UNKNOWN;UNKNOWN;UNKNOWN;0;
14:24:18:440;-70;-79;-91;-86;0;0;0;0;0;0;0;0;1;0;0;0;0;0;0;1;5;6;9;1;0;2;0;10;10;10;14;14;0;0;0;0;0;lock;1;1;0;0;BLE_CHANNEL_37;BLE_CHANNEL_37;BLE_CHANNEL_37;BLE_CHANNEL_37;UNKNOWN;UNKNOWN;UNKNOWN;UNKNOWN;UNKNOWN;0;
14:24:18:555;-65;-81;-92;-83;0;0;0;0;0;0;1;1;0;0;0;0;0;0;0;1;5;6;9;1;0;2;0;10;10;10;14;14;0;0;0;0;0;lock;1;1;0;0;BLE_CHANNEL_37;BLE_CHANNEL_37;BLE_CHANNEL_37;BLE_CHANNEL_37;UNKNOWN;UNKNOWN;UNKNOWN;UNKNOWN;UNKNOWN;0;
14:24:18:664;-64;-82;-92;-82;0;0;0;0;0;1;0;1;0;0;0;0;0;0;0;1;5;6;9;1;0;2;0;10;10;10;14;14;0;0;0;0;0;lock;1;1;0;0;BLE_CHANNEL_37;BLE_CHANNEL_37;BLE_CHANNEL_37;BLE_CHANNEL_37;UNKNOWN;UNKNOWN;UNKNOWN;UNKNOWN;UNKNOWN;0;
14:24:18:790;-63;-81;-92;-81;0;0;0;0;0;1;0;0;0;0;0;0;0;0;0;1;5;6;9;1;0;2;0;10;10;10;14;14;0;0;0;0;0;lock;1;1;0;0;BLE_CHANNEL_37;BLE_CHANNEL_37;BLE_CHANNEL_37;BLE_CHANNEL_37;UNKNOWN;UNKNOWN;UNKNOWN;UNKNOWN;UNKNOWN;0;
14:24:18:899;-63;-82;-95;-82;0;0;0;0;0;0;0;0;1;0;0;0;0;0;0;1;5;6;9;1;0;2;0;10;10;10;14;14;0;0;0;0;0;lock;1;1;0;0;BLE_CHANNEL_37;BLE_CHANNEL_37;BLE_CHANNEL_37;BLE_CHANNEL_37;UNKNOWN;UNKNOWN;UNKNOWN;UNKNOWN;UNKNOWN;0;
14:24:19:008;-64;-83;-95;-81;0;0;0;0;0;0;0;0;1;0;0;0;0;0;0;1;5;6;9;1;0;2;0;10;10;10;14;14;0;0;0;0;0;lock;1;1;0;0;BLE_CHANNEL_37;BLE_CHANNEL_37;BLE_CHANNEL_37;BLE_CHANNEL_37;UNKNOWN;UNKNOWN;UNKNOWN;UNKNOWN;UNKNOWN;0;
14:24:19:123;-64;-82;-95;-82;0;0;0;0;0;0;1;0;0;0;0;0;0;0;0;1;5;6;9;1;0;2;0;10;10;10;14;14;0;0;0;0;0;lock;1;1;0;0;BLE_CHANNEL_37;BLE_CHANNEL_37;BLE_CHANNEL_37;BLE_CHANNEL_37;UNKNOWN;UNKNOWN;UNKNOWN;UNKNOWN;UNKNOWN;0;
14:24:19:238;-64;-82;-92;-82;0;0;0;0;0;1;0;0;0;0;0;0;0;0;0;1;5;6;9;1;0;2;0;10;10;10;14;14;0;0;0;0;0;lock;1;1;0;0;BLE_CHANNEL_37;BLE_CHANNEL_37;BLE_CHANNEL_37;BLE_CHANNEL_37;UNKNOWN;UNKNOWN;UNKNOWN;UNKNOWN;UNKNOWN;0;
14:24:19:349;-63;-82;-93;-83;0;0;0;0;0;0;0;0;0;0;0;0;0;0;0;1;5;6;9;1;0;2;0;10;10;10;14;14;0;0;0;0;0;lock;1;1;0;0;BLE_CHANNEL_37;BLE_CHANNEL_37;BLE_CHANNEL_37;BLE_CHANNEL_37;UNKNOWN;UNKNOWN;UNKNOWN;UNKNOWN;UNKNOWN;0;
14:24:19:461;-63;-81;-92;-84;0;0;0;0;0;0;0;0;0;0;0;0;0;0;0;1;5;6;9;1;0;2;0;10;10;10;14;14;0;0;0;0;0;lock;1;1;0;0;BLE_CHANNEL_37;BLE_CHANNEL_37;BLE_CHANNEL_37;BLE_CHANNEL_37;UNKNOWN;UNKNOWN;UNKNOWN;UNKNOWN;UNKNOWN;0;
14:24:19:572;-63;-81;-91;-83;0;0;0;0;0;0;0;0;1;0;0;0;0;0;0;1;5;6;9;1;0;2;0;10;10;10;14;14;0;0;0;0;0;lock;1;1;0;0;BLE_CHANNEL_37;BLE_CHANNEL_37;BLE_CHANNEL_37;BLE_CHANNEL_37;UNKNOWN;UNKNOWN;UNKNOWN;UNKNOWN;UNKNOWN;0;
14:24:19:698;-60;-80;-91;-83;0;0;0;0;0;0;0;0;0;0;0;0;0;0;0;1;5;6;9;1;0;2;0;10;10;10;14;14;0;0;0;0;0;lock;1;1;0;0;BLE_CHANNEL_38;BLE_CHANNEL_37;BLE_CHANNEL_37;BLE_CHANNEL_37;UNKNOWN;UNKNOWN;UNKNOWN;UNKNOWN;UNKNOWN;0;
14:24:19:810;-60;-80;-93;-80;0;0;0;0;0;0;0;1;0;0;0;0;0;0;0;1;5;6;9;1;0;2;0;10;10;10;14;14;0;0;0;0;0;lock;1;1;0;0;BLE_CHANNEL_38;BLE_CHANNEL_37;BLE_CHANNEL_38;BLE_CHANNEL_38;UNKNOWN;UNKNOWN;UNKNOWN;UNKNOWN;UNKNOWN;0;
14:24:19:921;-60;-80;-93;-80;0;0;0;0;0;0;0;1;0;0;0;0;0;0;0;1;5;6;9;1;0;2;0;10;10;10;14;14;0;0;0;0;0;lock;1;1;0;0;BLE_CHANNEL_38;BLE_CHANNEL_37;BLE_CHANNEL_38;BLE_CHANNEL_38;UNKNOWN;UNKNOWN;UNKNOWN;UNKNOWN;UNKNOWN;0;
14:24:20:034;-61;-80;-94;-80;0;0;0;0;0;0;0;0;0;0;0;0;0;0;0;1;5;6;9;1;0;2;0;10;10;10;14;14;0;0;0;0;0;lock;1;1;0;0;BLE_CHANNEL_38;BLE_CHANNEL_37;BLE_CHANNEL_38;BLE_CHANNEL_38;UNKNOWN;UNKNOWN;UNKNOWN;UNKNOWN;UNKNOWN;0;
14:24:20:149;-61;-80;-94;-81;0;0;0;0;0;0;0;0;0;0;0;0;0;0;0;1;5;6;9;1;0;2;0;10;10;10;14;14;0;0;0;0;0;lock;1;1;0;0;BLE_CHANNEL_38;BLE_CHANNEL_37;BLE_CHANNEL_38;BLE_CHANNEL_38;UNKNOWN;UNKNOWN;UNKNOWN;UNKNOWN;UNKNOWN;0;
14:24:20:257;-62;-80;-93;-81;0;0;0;0;0;0;0;0;1;0;0;0;0;0;0;1;5;6;9;1;0;2;0;10;10;10;14;14;0;0;0;0;0;lock;1;1;0;0;BLE_CHANNEL_38;BLE_CHANNEL_37;BLE_CHANNEL_38;BLE_CHANNEL_38;UNKNOWN;UNKNOWN;UNKNOWN;UNKNOWN;UNKNOWN;0;
14:24:20:366;-61;-91;-93;-81;0;0;0;0;0;0;1;1;0;0;0;0;0;0;0;1;5;6;9;1;0;2;0;10;10;10;14;14;0;0;0;0;0;lock;1;1;0;0;BLE_CHANNEL_38;BLE_CHANNEL_38;BLE_CHANNEL_38;BLE_CHANNEL_38;UNKNOWN;UNKNOWN;UNKNOWN;UNKNOWN;UNKNOWN;0;
14:24:20:480;-60;-91;-93;-79;0;0;0;0;0;1;0;0;0;0;0;0;0;0;0;1;5;6;9;1;0;2;0;10;10;10;14;14;0;0;0;0;0;lock;1;1;0;0;BLE_CHANNEL_38;BLE_CHANNEL_38;BLE_CHANNEL_38;BLE_CHANNEL_38;UNKNOWN;UNKNOWN;UNKNOWN;UNKNOWN;UNKNOWN;0;
14:24:20:589;-60;-87;-92;-79;0;0;0;0;0;0;0;0;0;0;0;0;0;0;0;1;5;6;9;1;0;2;0;10;10;10;14;14;0;0;0;0;0;lock;1;1;0;0;BLE_CHANNEL_38;BLE_CHANNEL_38;BLE_CHANNEL_38;BLE_CHANNEL_38;UNKNOWN;UNKNOWN;UNKNOWN;UNKNOWN;UNKNOWN;0;
14:24:20:697;-61;-89;-94;-79;0;0;0;0;0;0;0;0;0;0;0;0;0;0;0;1;5;6;9;1;0;2;0;10;10;10;14;14;0;0;0;0;0;lock;1;1;0;0;BLE_CHANNEL_38;BLE_CHANNEL_38;BLE_CHANNEL_38;BLE_CHANNEL_38;UNKNOWN;UNKNOWN;UNKNOWN;UNKNOWN;UNKNOWN;0;
14:24:20:807;-61;-93;-90;-80;0;0;0;0;0;0;0;0;0;0;0;0;0;0;1;1;5;6;9;1;0;2;0;10;10;10;14;14;0;0;0;0;0;lock;1;1;0;0;BLE_CHANNEL_38;BLE_CHANNEL_38;BLE_CHANNEL_38;BLE_CHANNEL_38;UNKNOWN;UNKNOWN;UNKNOWN;UNKNOWN;UNKNOWN;0;
14:24:20:915;-61;-94;-93;-79;0;0;0;0;0;0;0;0;0;0;0;0;0;0;1;1;5;6;9;1;0;2;0;10;10;10;14;14;0;0;0;0;0;lock;1;1;0;0;BLE_CHANNEL_38;BLE_CHANNEL_38;BLE_CHANNEL_38;BLE_CHANNEL_38;UNKNOWN;UNKNOWN;UNKNOWN;UNKNOWN;UNKNOWN;0;
14:24:21:025;-62;-92;-93;-79;0;0;0;0;0;0;0;0;0;0;0;0;0;0;0;1;5;6;9;1;0;2;0;10;10;10;14;14;0;0;0;0;0;lock;1;1;0;0;BLE_CHANNEL_38;BLE_CHANNEL_38;BLE_CHANNEL_38;BLE_CHANNEL_38;UNKNOWN;UNKNOWN;UNKNOWN;UNKNOWN;UNKNOWN;0;
14:24:21:134;-62;-91;-93;-79;0;0;0;0;0;0;0;0;0;0;0;0;0;0;0;1;5;6;9;1;0;2;0;10;10;10;14;14;0;0;0;0;0;lock;1;1;0;0;BLE_CHANNEL_38;BLE_CHANNEL_38;BLE_CHANNEL_38;BLE_CHANNEL_38;UNKNOWN;UNKNOWN;UNKNOWN;UNKNOWN;UNKNOWN;0;
14:24:21:244;-63;-91;-93;-78;0;0;0;0;0;0;0;0;0;0;0;0;0;0;0;1;5;6;9;1;0;2;0;10;10;10;14;14;0;0;0;0;0;lock;1;1;0;0;BLE_CHANNEL_38;BLE_CHANNEL_38;BLE_CHANNEL_38;BLE_CHANNEL_38;UNKNOWN;UNKNOWN;UNKNOWN;UNKNOWN;UNKNOWN;0;
14:24:21:357;-62;-89;-93;-78;0;0;0;0;0;0;0;0;0;0;0;0;0;0;0;1;5;6;9;1;0;2;0;10;10;10;14;14;0;0;0;0;0;lock;1;1;0;0;BLE_CHANNEL_38;BLE_CHANNEL_38;BLE_CHANNEL_38;BLE_CHANNEL_38;UNKNOWN;UNKNOWN;UNKNOWN;UNKNOWN;UNKNOWN;0;
14:24:21:468;-64;-92;-94;-78;0;0;0;0;0;0;0;0;0;0;0;0;0;0;0;1;5;6;9;1;0;2;0;10;10;10;14;14;0;0;0;0;0;lock;1;1;0;0;BLE_CHANNEL_38;BLE_CHANNEL_38;BLE_CHANNEL_38;BLE_CHANNEL_38;UNKNOWN;UNKNOWN;UNKNOWN;UNKNOWN;UNKNOWN;0;
14:24:21:579;-64;-89;-94;-78;0;0;0;0;0;0;1;0;0;0;0;0;0;0;0;1;5;6;9;1;0;2;0;10;10;10;14;14;0;0;0;0;0;lock;1;1;0;0;BLE_CHANNEL_38;BLE_CHANNEL_38;BLE_CHANNEL_38;BLE_CHANNEL_38;UNKNOWN;UNKNOWN;UNKNOWN;UNKNOWN;UNKNOWN;0;
14:24:21:690;-63;-88;-93;-78;0;0;0;0;0;0;0;1;0;0;0;0;0;0;0;1;5;6;9;1;0;2;0;10;10;10;14;14;0;0;0;0;0;lock;1;1;0;0;BLE_CHANNEL_38;BLE_CHANNEL_38;BLE_CHANNEL_38;BLE_CHANNEL_38;UNKNOWN;UNKNOWN;UNKNOWN;UNKNOWN;UNKNOWN;0;
14:24:21:797;-62;-88;-92;-79;0;0;0;0;0;0;0;0;0;0;0;0;0;0;0;1;5;6;9;1;0;2;0;10;10;10;14;14;0;0;0;0;0;lock;1;1;0;0;BLE_CHANNEL_38;BLE_CHANNEL_38;BLE_CHANNEL_38;BLE_CHANNEL_38;UNKNOWN;UNKNOWN;UNKNOWN;UNKNOWN;UNKNOWN;0;
14:24:21:905;-63;-92;-92;-78;0;0;0;0;0;0;0;0;0;0;0;0;0;0;0;1;5;6;9;1;0;2;0;10;10;10;14;14;0;0;0;0;0;lock;1;1;0;0;BLE_CHANNEL_38;BLE_CHANNEL_38;BLE_CHANNEL_38;BLE_CHANNEL_38;UNKNOWN;UNKNOWN;UNKNOWN;UNKNOWN;UNKNOWN;0;
14:24:22:017;-62;-92;-95;-78;0;0;0;0;0;0;0;0;0;0;0;0;0;0;0;1;5;6;9;1;0;2;0;10;10;10;14;14;0;0;0;0;0;lock;1;1;0;0;BLE_CHANNEL_38;BLE_CHANNEL_38;BLE_CHANNEL_38;BLE_CHANNEL_38;UNKNOWN;UNKNOWN;UNKNOWN;UNKNOWN;UNKNOWN;0;
14:24:22:126;-63;-92;-95;-77;0;0;0;0;0;0;0;0;0;0;0;0;0;0;0;1;5;6;9;1;0;2;0;10;10;10;14;14;0;0;0;0;0;lock;1;1;0;0;BLE_CHANNEL_38;BLE_CHANNEL_38;BLE_CHANNEL_38;BLE_CHANNEL_38;UNKNOWN;UNKNOWN;UNKNOWN;UNKNOWN;UNKNOWN;0;
14:24:22:239;-64;-93;-95;-78;0;0;0;0;0;0;0;0;0;0;0;0;0;0;0;1;5;6;9;1;0;2;0;10;10;10;14;14;0;0;0;0;0;lock;1;1;0;0;BLE_CHANNEL_38;BLE_CHANNEL_38;BLE_CHANNEL_38;BLE_CHANNEL_38;UNKNOWN;UNKNOWN;UNKNOWN;UNKNOWN;UNKNOWN;0;
14:24:22:348;-64;-93;-91;-77;0;0;0;0;0;0;0;1;0;0;0;0;0;0;0;1;5;6;9;1;0;2;0;10;10;10;14;14;0;0;0;0;0;lock;1;1;0;0;BLE_CHANNEL_38;BLE_CHANNEL_38;BLE_CHANNEL_38;BLE_CHANNEL_38;UNKNOWN;UNKNOWN;UNKNOWN;UNKNOWN;UNKNOWN;0;
