TIMESTAMP;carType;carBase;addressConnectable;addressConnectableRemote;addressConnectablePC;addressFrontLeft;addressFrontRight;addressLeft;addressMiddle;addressRight;addressTrunk;addressRearLeft;addressBack;addressRearRight;logNumber;preAuthTimeout;actionTimeout;wantedSpeed;stepSize;
09:14:38:045;fourLMRT;Base_1;D4:F5:13:56:2D:A7;D4:F5:13:56:71:4B;B0:B4:48:BD:56:85;D4:F5:13:56:39:A5;D4:F5:13:56:71:4B;24:71:89:1D:4E:2E;24:71:89:1D:4F:73;24:71:89:1D:4E:27;24:71:89:1D:4E:56;D4:F5:13:56:7A:55;24:71:89:1D:4E:46;D4:F5:13:56:7C:C2;15;1.3;0.02;5.1;70;
TIMESTAMP;RSSI LEFT_ORIGIN;RSSI MIDDLE_ORIGIN;RSSI RIGHT_ORIGIN;RSSI TRUNK_ORIGIN;RSSI FRONTLEFT_ORIGIN;RSSI FRONTRIGHT_ORIGIN;RSSI REARLEFT_ORIGIN;RSSI REARRIGHT_ORIGIN;RSSI BACK_ORIGIN;ORIENTATION_X;ORIENTATION_Y;ORIENTATION_Z;ACCELERATION;LEFT_IS_ACTIVE;MIDDLE_IS_ACTIVE;RIGHT_IS_ACTIVE;TRUNK_IS_ACTIVE;FRONTLEFT_IS_ACTIVE;FRONTRIGHT_IS_ACTIVE;REARLEFT_IS_ACTIVE;REARRIGHT_IS_ACTIVE;BACK_IS_ACTIVE;IN POCKET;ARE LOCK ACTIONS AVAILABLE;IS LOCK;REARM LOCK;REARM UNLOCK;REARM WELCOME;WELCOME FLAG;LOCK FLAG;START FLAG;LEFT AREA FLAG;RIGHT AREA FLAG;BACK AREA FLAG;WALK AWAY FLAG;APPROACH FLAG;LEFT TURN FLAG;RIGHT TURN FLAG;APPROACHSIDE FLAG;APPROACHROAD FLAG;RECORD FLAG;PREDICTION;LOCK FROM TRX;LOCK TO SEND;START ALLOWED;IS THATCHAM;BLE CHANNEL LEFT;BLE CHANNEL MIDDLE;BLE CHANNEL RIGHT;BLE CHANNEL TRUNK;BLE CHANNEL FRONTLEFT;BLE CHANNEL FRONTRIGHT;BLE CHANNEL REARLEFT;BLE CHANNEL REARRIGHT;BLE CHANNEL BACK;BEEPINT;ANTENNA LEFT;ANTENNA MIDDLE;ANTENNA RIGHT;ANTENNA TRUNK;ANTENNA FRONTLEFT;ANTENNA FRONTRIGHT;ANTENNA REARLEFT;ANTENNA REARRIGHT;ANTENNA BACK;
09:14:47:272;-72;-85;-87;-83;0;0;0;0;0;1.9808999;0.045841634;-0.03302028;0.005589588358802189;0;0;0;0;0;0;0;0;0;0;1;5;7;9;1;0;2;0;10;10;10;14;14;0;0;0;0;0;outside;1;1;0;0;BLE_CHANNEL_37;BLE_CHANNEL_37;BLE_CHANNEL_37;BLE_CHANNEL_37;UNKNOWN;UNKNOWN;UNKNOWN;UNKNOWN;UNKNOWN;0;0;0;0;0;0;0;0;0;0;
09:14:47:454;-71;-85;-81;-83;0;0;0;0;0;1.9956523;0.04635731;-0.03353118;0.008497832732386357;0;0;0;0;0;0;0;0;0;0;1;5;7;9;0;0;2;0;10;10;10;14;14;0;0;0;0;0;outside;1;1;0;0;BLE_CHANNEL_37;BLE_CHANNEL_37;BLE_CHANNEL_37;BLE_CHANNEL_37;UNKNOWN;UNKNOWN;UNKNOWN;UNKNOWN;UNKNOWN;0;0;0;0;0;0;0;0;0;0;
09:14:47:575;-72;-75;-89;-82;0;0;0;0;0;1.990301;0.04483235;-0.033003964;1.867839808031846E-4;0;0;0;0;0;0;0;0;0;0;1;5;7;9;0;0;2;0;10;10;10;14;14;0;0;0;0;0;outside;1;1;0;0;BLE_CHANNEL_37;BLE_CHANNEL_37;BLE_CHANNEL_37;BLE_CHANNEL_37;UNKNOWN;UNKNOWN;UNKNOWN;UNKNOWN;UNKNOWN;0;0;0;0;0;0;0;0;0;0;
09:14:47:955;-71;-77;-89;-82;0;0;0;0;0;1.9776512;0.045371927;-0.032047443;0.011632444186924218;0;0;0;0;0;0;0;0;0;0;1;5;7;9;0;0;2;0;10;10;10;14;14;0;0;0;0;0;outside;1;1;0;0;BLE_CHANNEL_37;BLE_CHANNEL_37;BLE_CHANNEL_37;BLE_CHANNEL_37;UNKNOWN;UNKNOWN;UNKNOWN;UNKNOWN;UNKNOWN;0;0;0;0;0;0;0;0;0;0;
09:14:48:066;-72;-80;-85;-81;0;0;0;0;0;1.9759787;0.043866515;-0.033514604;0.005115474823702115;0;0;0;0;0;0;0;0;0;0;1;5;7;9;0;0;2;0;10;10;10;14;14;0;0;0;0;0;outside;1;1;0;0;BLE_CHANNEL_37;BLE_CHANNEL_37;BLE_CHANNEL_37;BLE_CHANNEL_37;UNKNOWN;UNKNOWN;UNKNOWN;UNKNOWN;UNKNOWN;0;0;0;0;0;0;0;0;0;0;
09:14:48:191;-73;-78;-79;-81;0;0;0;0;0;1.9891521;0.045862757;-0.034025732;0.007988904767243454;0;0;0;0;0;0;0;0;0;0;1;5;7;9;0;0;2;0;10;10;10;14;14;0;0;0;0;0;outside;1;1;0;0;BLE_CHANNEL_37;BLE_CHANNEL_37;BLE_CHANNEL_37;BLE_CHANNEL_37;UNKNOWN;UNKNOWN;UNKNOWN;UNKNOWN;UNKNOWN;0;0;0;0;0;0;0;0;0;0;
09:14:48:313;-72;-79;-78;-78;0;0;0;0;0;1.9781536;0.043330792;-0.032987654;0.005073165144544589;0;0;0;0;0;0;0;0;0;0;1;5;7;9;0;0;2;0;10;10;10;14;14;0;0;0;0;0;outside;1;1;0;0;BLE_CHANNEL_37;BLE_CHANNEL_37;BLE_CHANNEL_37;BLE_CHANNEL_37;UNKNOWN;UNKNOWN;UNKNOWN;UNKNOWN;UNKNOWN;0;0;0;0;0;0;0;0;0;0;
09:14:48:435;-72;-79;-78;-84;0;0;0;0;0;1.9701759;0.045237143;-0.032445725;0.015800958082998307;0;0;0;0;0;0;0;0;0;0;1;5;7;9;0;0;2;0;10;10;10;14;14;0;0;0;0;0;outside;1;1;0;0;BLE_CHANNEL_37;BLE_CHANNEL_37;BLE_CHANNEL_37;BLE_CHANNEL_37;UNKNOWN;UNKNOWN;UNKNOWN;UNKNOWN;UNKNOWN;0;0;0;0;0;0;0;0;0;0;
09:14:48:559;-72;-78;-80;-82;0;0;0;0;0;1.97249;0.04436087;-0.03302028;0.00748012572790735;0;0;0;0;0;0;0;0;0;0;1;5;7;9;0;0;2;0;10;10;10;14;14;0;0;0;0;0;outside;1;1;0;0;BLE_CHANNEL_37;BLE_CHANNEL_37;BLE_CHANNEL_37;BLE_CHANNEL_37;UNKNOWN;UNKNOWN;UNKNOWN;UNKNOWN;UNKNOWN;0;0;0;0;0;0;0;0;0;0;
09:14:48:668;-73;-79;-83;-83;0;0;0;0;0;1.9628958;0.044252355;-0.032445725;0.01488904993734863;0;0;0;0;0;0;0;0;0;0;1;5;7;9;0;0;2;0;10;10;10;14;14;0;0;0;0;0;outside;1;1;0;0;BLE_CHANNEL_37;BLE_CHANNEL_37;BLE_CHANNEL_37;BLE_CHANNEL_37;UNKNOWN;UNKNOWN;UNKNOWN;UNKNOWN;UNKNOWN;0;0;0;0;0;0;0;0;0;0;
09:14:48:791;-72;-81;-84;-83;0;0;0;0;0;1.9661196;0.044830866;-0.033992093;0.001695002371004506;0;0;0;0;0;0;0;0;0;0;1;5;7;9;0;0;2;0;10;10;10;14;14;0;0;0;0;0;outside;1;1;0;0;BLE_CHANNEL_37;BLE_CHANNEL_37;BLE_CHANNEL_37;BLE_CHANNEL_37;UNKNOWN;UNKNOWN;UNKNOWN;UNKNOWN;UNKNOWN;0;0;0;0;0;0;0;0;0;0;
09:14:48:911;-72;-80;-84;-80;0;0;0;0;0;1.9588574;0.04433898;-0.033003964;0.003571658906210473;0;0;0;0;0;0;0;0;0;0;1;5;7;9;0;0;2;0;10;10;10;14;14;0;0;0;0;0;outside;1;1;0;0;BLE_CHANNEL_37;BLE_CHANNEL_37;BLE_CHANNEL_37;BLE_CHANNEL_37;UNKNOWN;UNKNOWN;UNKNOWN;UNKNOWN;UNKNOWN;0;0;0;0;0;0;0;0;0;0;
09:14:49:037;-71;-78;-80;-84;0;0;0;0;0;1.9597253;0.046334427;-0.033514604;0.008406480794578286;0;0;0;0;0;0;0;0;0;0;1;5;7;9;0;0;2;0;10;10;10;14;14;0;0;0;0;0;outside;1;1;0;0;BLE_CHANNEL_37;BLE_CHANNEL_37;BLE_CHANNEL_37;BLE_CHANNEL_37;UNKNOWN;UNKNOWN;UNKNOWN;UNKNOWN;UNKNOWN;0;0;0;0;0;0;0;0;0;0;
09:14:49:157;-72;-78;-83;-81;0;0;0;0;0;1.9552447;0.04485448;-0.03302028;0.0068839614786000425;0;0;0;0;0;0;0;0;0;0;1;5;7;9;0;0;2;0;10;10;10;14;14;0;0;0;0;0;outside;1;1;0;0;BLE_CHANNEL_37;BLE_CHANNEL_37;BLE_CHANNEL_37;BLE_CHANNEL_37;UNKNOWN;UNKNOWN;UNKNOWN;UNKNOWN;UNKNOWN;0;0;0;0;0;0;0;0;0;0;
09:14:49:279;-71;-78;-80;-84;0;0;0;0;0;1.9548802;0.044315647;-0.033975303;0.00606177340020686;0;0;0;0;0;0;0;0;0;0;1;5;7;9;0;0;2;0;10;10;10;14;14;0;0;0;0;0;outside;1;1;0;0;BLE_CHANNEL_37;BLE_CHANNEL_37;BLE_CHANNEL_37;BLE_CHANNEL_37;UNKNOWN;UNKNOWN;UNKNOWN;UNKNOWN;UNKNOWN;0;0;0;0;0;0;0;0;0;0;
09:14:49:399;-72;-79;-82;-85;0;0;0;0;0;1.953829;0.043417152;-0.032558147;0.012466832344109946;0;0;0;0;0;0;0;0;0;0;1;5;7;9;0;0;2;0;10;10;10;14;14;0;0;0;0;0;outside;1;1;0;0;BLE_CHANNEL_37;BLE_CHANNEL_37;BLE_CHANNEL_37;BLE_CHANNEL_37;UNKNOWN;UNKNOWN;UNKNOWN;UNKNOWN;UNKNOWN;0;0;0;0;0;0;0;0;0;0;
09:14:49:520;-71;-79;-81;-82;0;0;0;0;0;1.9669634;0.04492027;-0.033564396;0.01863382702331151;0;0;0;0;0;0;0;0;0;0;1;5;7;9;0;0;2;0;10;10;10;14;14;0;0;0;0;0;outside;1;1;0;0;BLE_CHANNEL_37;BLE_CHANNEL_37;BLE_CHANNEL_37;BLE_CHANNEL_37;UNKNOWN;UNKNOWN;UNKNOWN;UNKNOWN;UNKNOWN;0;0;0;0;0;0;0;0;0;0;
09:14:49:636;-72;-79;-78;-82;0;0;0;0;0;1.9619699;0.044336762;-0.034486134;0.0023263145148586517;0;0;0;0;0;0;0;0;0;0;1;5;7;9;0;0;2;0;10;10;10;14;14;0;0;0;0;0;outside;1;1;0;0;BLE_CHANNEL_37;BLE_CHANNEL_37;BLE_CHANNEL_37;BLE_CHANNEL_37;UNKNOWN;UNKNOWN;UNKNOWN;UNKNOWN;UNKNOWN;0;0;0;0;0;0;0;0;0;0;
09:14:49:758;-73;-77;-81;-85;0;0;0;0;0;1.9628397;0.04530334;-0.032987658;0.002373727615887944;0;0;0;0;0;0;0;0;0;0;1;5;7;9;0;0;2;0;10;10;10;14;14;0;0;0;0;0;outside;1;1;0;0;BLE_CHANNEL_37;BLE_CHANNEL_37;BLE_CHANNEL_37;BLE_CHANNEL_37;UNKNOWN;UNKNOWN;UNKNOWN;UNKNOWN;UNKNOWN;0;0;0;0;0;0;0;0;0;0;
09:14:49:880;-72;-79;-79;-83;0;0;0;0;0;1.9637389;0.045234926;-0.033925027;0.017408293792191998;0;0;0;0;0;0;0;0;0;0;1;5;7;9;0;0;2;0;10;10;10;14;14;0;0;0;0;0;outside;1;1;0;0;BLE_CHANNEL_37;BLE_CHANNEL_37;BLE_CHANNEL_37;BLE_CHANNEL_37;UNKNOWN;UNKNOWN;UNKNOWN;UNKNOWN;UNKNOWN;0;0;0;0;0;0;0;0;0;0;
09:14:49:990;-73;-79;-79;-83;0;0;0;0;0;1.9623978;0.044898074;-0.03354778;0.013978826704041936;0;0;0;0;0;0;0;0;0;0;1;5;7;9;0;0;2;0;10;10;10;14;14;0;0;0;0;0;outside;1;1;0;0;BLE_CHANNEL_37;BLE_CHANNEL_37;BLE_CHANNEL_37;BLE_CHANNEL_37;UNKNOWN;UNKNOWN;UNKNOWN;UNKNOWN;UNKNOWN;0;0;0;0;0;0;0;0;0;0;
09:14:50:110;-73;-79;-79;-83;0;0;0;0;0;1.9557465;0.044339698;-0.03250987;4.3251648953912536E-5;0;0;0;0;0;0;0;0;0;0;1;5;7;9;0;0;2;0;10;10;10;14;14;0;0;0;0;0;outside;1;1;0;0;BLE_CHANNEL_37;BLE_CHANNEL_37;BLE_CHANNEL_37;BLE_CHANNEL_37;UNKNOWN;UNKNOWN;UNKNOWN;UNKNOWN;UNKNOWN;0;0;0;0;0;0;0;0;0;0;
09:14:50:228;-73;-79;-79;-83;0;0;0;0;0;1.9415213;0.04534657;-0.0340089;0.002998160962237151;0;0;0;0;0;0;0;0;0;0;1;5;7;9;0;0;2;0;10;10;10;14;14;0;0;0;0;0;outside;1;1;0;0;BLE_CHANNEL_37;BLE_CHANNEL_37;BLE_CHANNEL_37;BLE_CHANNEL_37;UNKNOWN;UNKNOWN;UNKNOWN;UNKNOWN;UNKNOWN;0;0;0;0;0;0;0;0;0;0;
09:14:50:342;-71;-78;-81;-83;0;0;0;0;0;1.9445126;0.044315647;-0.033975303;0.008535604576964673;0;0;0;0;0;0;0;0;0;0;1;5;7;9;0;0;2;0;10;10;10;14;14;0;0;0;0;0;outside;1;1;0;0;BLE_CHANNEL_37;BLE_CHANNEL_37;BLE_CHANNEL_37;BLE_CHANNEL_37;UNKNOWN;UNKNOWN;UNKNOWN;UNKNOWN;UNKNOWN;0;0;0;0;0;0;0;0;0;0;
09:14:50:469;-72;-78;-80;-84;0;0;0;0;0;1.945089;0.04532715;-0.032015763;0.0012502874761892713;0;0;0;0;0;0;0;0;0;0;1;5;7;9;0;0;2;0;10;10;10;14;14;0;0;0;0;0;outside;1;1;0;0;BLE_CHANNEL_37;BLE_CHANNEL_37;BLE_CHANNEL_37;BLE_CHANNEL_37;UNKNOWN;UNKNOWN;UNKNOWN;UNKNOWN;UNKNOWN;0;0;0;0;0;0;0;0;0;0;
09:14:50:593;-72;-78;-80;-83;0;0;0;0;0;1.9534351;0.04438131;-0.03402573;0.007673497956110609;0;0;0;0;0;0;0;0;0;0;1;5;7;9;0;0;2;0;10;10;10;14;14;0;0;0;0;0;outside;1;1;0;0;BLE_CHANNEL_37;BLE_CHANNEL_37;BLE_CHANNEL_37;BLE_CHANNEL_37;UNKNOWN;UNKNOWN;UNKNOWN;UNKNOWN;UNKNOWN;0;0;0;0;0;0;0;0;0;0;
09:14:50:703;-73;-78;-80;-84;0;0;0;0;0;1.9618003;0.045818266;-0.033498038;5.050083522917248E-4;0;0;0;0;0;0;0;0;0;0;1;5;7;9;0;0;2;0;10;10;10;14;14;0;0;0;0;0;outside;1;1;0;0;BLE_CHANNEL_37;BLE_CHANNEL_37;BLE_CHANNEL_37;BLE_CHANNEL_37;UNKNOWN;UNKNOWN;UNKNOWN;UNKNOWN;UNKNOWN;0;0;0;0;0;0;0;0;0;0;
09:14:50:823;-73;-77;-80;-84;0;0;0;0;0;1.9602518;0.04584238;-0.03252595;0.0050376654250587904;0;0;0;0;0;0;0;0;0;0;1;5;7;9;0;0;2;0;10;10;10;14;14;0;0;0;0;0;outside;1;1;0;0;BLE_CHANNEL_37;BLE_CHANNEL_37;BLE_CHANNEL_37;BLE_CHANNEL_37;UNKNOWN;UNKNOWN;UNKNOWN;UNKNOWN;UNKNOWN;0;0;0;0;0;0;0;0;0;0;
09:14:50:946;-72;-78;-80;-84;0;0;0;0;0;1.9517432;0.04584238;-0.03252595;0.002759337483164259;0;0;0;0;0;0;0;0;0;0;1;5;7;9;0;0;2;0;10;10;10;14;14;0;0;0;0;0;outside;1;1;0;0;BLE_CHANNEL_37;BLE_CHANNEL_37;BLE_CHANNEL_37;BLE_CHANNEL_37;UNKNOWN;UNKNOWN;UNKNOWN;UNKNOWN;UNKNOWN;0;0;0;0;0;0;0;0;0;0;
09:14:51:066;-72;-77;-80;-83;0;0;0;0;0;1.9611582;0.045796424;-0.032987654;0.0058706992706891725;0;0;0;0;0;0;0;0;0;0;1;5;7;9;0;0;2;0;10;10;10;14;14;0;0;0;0;0;outside;1;1;0;0;BLE_CHANNEL_37;BLE_CHANNEL_37;BLE_CHANNEL_37;BLE_CHANNEL_37;UNKNOWN;UNKNOWN;UNKNOWN;UNKNOWN;UNKNOWN;0;0;0;0;0;0;0;0;0;0;
09:14:51:176;-72;-78;-79;-83;0;0;0;0;0;1.96551;0.044427387;-0.032574274;0.014449077624338003;0;0;0;0;0;0;0;0;0;0;1;5;7;9;0;0;2;0;10;10;10;14;14;0;0;0;0;0;outside;1;1;0;0;BLE_CHANNEL_37;BLE_CHANNEL_37;BLE_CHANNEL_37;BLE_CHANNEL_37;UNKNOWN;UNKNOWN;UNKNOWN;UNKNOWN;UNKNOWN;0;0;0;0;0;0;0;0;0;0;
09:14:51:302;-71;-77;-79;-83;0;0;0;0;0;1.9706035;0.0457498;-0.033941768;0.015348590850589261;0;0;0;0;0;0;0;0;0;0;1;5;7;9;0;0;2;0;10;10;10;14;14;0;0;0;0;0;outside;1;1;0;0;BLE_CHANNEL_37;BLE_CHANNEL_37;BLE_CHANNEL_37;BLE_CHANNEL_37;UNKNOWN;UNKNOWN;UNKNOWN;UNKNOWN;UNKNOWN;0;0;0;0;0;0;0;0;0;0;
09:14:51:422;-71;-77;-79;-83;0;0;0;0;0;1.9515918;0.04480876;-0.033975303;0.003012383446494127;0;0;0;0;0;0;0;0;0;0;1;5;7;9;0;0;2;0;10;10;10;14;14;0;0;0;0;0;outside;1;1;0;0;BLE_CHANNEL_37;BLE_CHANNEL_37;BLE_CHANNEL_37;BLE_CHANNEL_37;UNKNOWN;UNKNOWN;UNKNOWN;UNKNOWN;UNKNOWN;0;0;0;0;0;0;0;0;0;0;
09:14:51:542;-70;-77;-80;-83;0;0;0;0;0;1.9522892;0.045437794;-0.033085722;0.023895788427065412;0;0;0;0;0;0;0;0;0;0;1;5;7;9;0;0;2;0;10;10;10;14;14;0;0;0;0;0;outside;1;1;0;0;BLE_CHANNEL_37;BLE_CHANNEL_37;BLE_CHANNEL_37;BLE_CHANNEL_37;UNKNOWN;UNKNOWN;UNKNOWN;UNKNOWN;UNKNOWN;0;0;0;0;0;0;0;0;0;0;
09:14:51:668;-72;-78;-80;-84;0;0;0;0;0;1.9356434;0.04234439;-0.032987654;0.002186291096613502;0;0;0;0;0;0;0;0;0;0;1;5;7;9;0;0;2;0;10;10;10;14;14;0;0;0;0;0;outside;1;1;0;0;BLE_CHANNEL_37;BLE_CHANNEL_37;BLE_CHANNEL_37;BLE_CHANNEL_37;UNKNOWN;UNKNOWN;UNKNOWN;UNKNOWN;UNKNOWN;0;0;0;0;0;0;0;0;0;0;
09:14:51:786;-72;-78;-80;-84;0;0;0;0;0;1.9429339;0.044809505;-0.03348149;0.005369814035432796;0;0;0;0;0;0;0;0;0;0;1;5;7;9;0;0;2;0;10;10;10;14;14;0;0;0;0;0;outside;1;1;0;0;BLE_CHANNEL_37;BLE_CHANNEL_37;BLE_CHANNEL_37;BLE_CHANNEL_37;UNKNOWN;UNKNOWN;UNKNOWN;UNKNOWN;UNKNOWN;0;0;0;0;0;0;0;0;0;0;
09:14:51:911;-72;-78;-80;-84;0;0;0;0;0;1.9461955;0.044295266;-0.032971367;0.009295943025970033;0;0;0;0;0;0;0;0;0;0;1;5;7;9;0;0;2;0;10;10;10;14;14;0;0;0;0;0;outside;1;1;0;0;BLE_CHANNEL_37;BLE_CHANNEL_37;BLE_CHANNEL_37;BLE_CHANNEL_37;UNKNOWN;UNKNOWN;UNKNOWN;UNKNOWN;UNKNOWN;0;0;0;0;0;0;0;0;0;0;
09:14:52:030;-72;-78;-81;-83;0;0;0;0;0;1.9506025;0.0453242;-0.033992097;0.0019444112906281674;0;0;0;0;0;0;0;0;0;0;1;5;7;9;0;0;2;0;10;10;10;14;14;0;0;0;0;0;outside;1;1;0;0;BLE_CHANNEL_37;BLE_CHANNEL_37;BLE_CHANNEL_37;BLE_CHANNEL_37;UNKNOWN;UNKNOWN;UNKNOWN;UNKNOWN;UNKNOWN;0;0;0;0;0;0;0;0;0;0;
09:14:52:149;-70;-78;-80;-84;0;0;0;0;0;1.944565;0.044830866;-0.033992093;0.002199496084383412;0;0;0;0;0;0;0;0;0;0;1;5;7;9;0;0;2;0;10;10;10;14;14;0;0;0;0;0;outside;1;1;0;0;BLE_CHANNEL_37;BLE_CHANNEL_37;BLE_CHANNEL_37;BLE_CHANNEL_37;UNKNOWN;UNKNOWN;UNKNOWN;UNKNOWN;UNKNOWN;0;0;0;0;0;0;0;0;0;0;
09:14:52:261;-72;-78;-80;-83;0;0;0;0;0;1.9449733;0.043868646;-0.0320316;0.006024177798941821;0;0;0;0;0;0;0;0;0;0;1;5;7;9;0;0;2;0;10;10;10;14;14;0;0;0;0;0;outside;1;1;0;0;BLE_CHANNEL_37;BLE_CHANNEL_37;BLE_CHANNEL_37;BLE_CHANNEL_37;UNKNOWN;UNKNOWN;UNKNOWN;UNKNOWN;UNKNOWN;0;0;0;0;0;0;0;0;0;0;
09:14:52:383;-73;-78;-80;-83;0;0;0;0;0;1.9505497;0.04532495;-0.033498034;1.1157747621304281E-4;0;0;0;0;0;0;0;0;0;0;1;5;7;9;0;0;2;0;10;10;10;14;14;0;0;0;0;0;outside;1;1;0;0;BLE_CHANNEL_37;BLE_CHANNEL_37;BLE_CHANNEL_37;BLE_CHANNEL_37;UNKNOWN;UNKNOWN;UNKNOWN;UNKNOWN;UNKNOWN;0;0;0;0;0;0;0;0;0;0;
09:14:52:501;-72;-77;-80;-84;0;0;0;0;0;1.9506818;0.04534657;-0.0340089;0.003860282544268401;0;0;0;0;0;0;0;0;0;0;1;5;7;9;0;0;2;0;10;10;10;14;14;0;0;0;0;0;outside;1;1;0;0;BLE_CHANNEL_37;BLE_CHANNEL_37;BLE_CHANNEL_37;BLE_CHANNEL_37;UNKNOWN;UNKNOWN;UNKNOWN;UNKNOWN;UNKNOWN;0;0;0;0;0;0;0;0;0;0;
09:14:52:632;-72;-78;-79;-84;0;0;0;0;0;1.9389707;0.04489732;-0.03404257;0.011576150335136148;0;0;0;0;0;0;0;0;0;0;1;5;7;9;0;0;2;0;10;10;10;14;14;0;0;0;0;0;outside;1;1;0;0;BLE_CHANNEL_37;BLE_CHANNEL_37;BLE_CHANNEL_37;BLE_CHANNEL_37;UNKNOWN;UNKNOWN;UNKNOWN;UNKNOWN;UNKNOWN;0;0;0;0;0;0;0;0;0;0;
09:14:52:754;-70;-77;-80;-83;0;0;0;0;0;1.9301858;0.045302596;-0.03348149;0.005031610554553367;0;0;0;0;0;0;0;0;0;0;1;5;7;9;0;0;2;0;10;10;10;14;14;0;0;0;0;0;outside;1;1;0;0;BLE_CHANNEL_37;BLE_CHANNEL_37;BLE_CHANNEL_37;BLE_CHANNEL_37;UNKNOWN;UNKNOWN;UNKNOWN;UNKNOWN;UNKNOWN;0;0;0;0;0;0;0;0;0;0;
09:14:52:866;-71;-78;-82;-83;0;0;0;0;0;1.9355253;0.045817506;-0.033992093;9.314564385576318E-5;0;0;0;0;0;0;0;0;0;0;1;5;7;9;0;0;2;0;10;10;10;14;14;0;0;0;0;0;outside;1;1;0;0;BLE_CHANNEL_37;BLE_CHANNEL_37;BLE_CHANNEL_37;BLE_CHANNEL_37;UNKNOWN;UNKNOWN;UNKNOWN;UNKNOWN;UNKNOWN;0;0;0;0;0;0;0;0;0;0;
09:14:52:984;-73;-78;-78;-83;0;0;0;0;0;1.9250121;0.04581976;-0.03250987;0.001491837068154922;0;0;0;0;0;0;0;0;0;0;1;5;7;9;0;0;2;0;10;10;10;14;14;0;0;0;0;0;outside;1;1;0;0;BLE_CHANNEL_37;BLE_CHANNEL_37;BLE_CHANNEL_37;BLE_CHANNEL_37;UNKNOWN;UNKNOWN;UNKNOWN;UNKNOWN;UNKNOWN;0;0;0;0;0;0;0;0;0;0;
09:14:53:102;-70;-78;-80;-84;0;0;0;0;0;1.9312346;0.04485448;-0.03302028;0.0066093032754750425;0;0;0;0;0;0;0;0;0;0;1;5;7;9;0;0;2;0;10;10;10;14;14;0;0;0;0;0;outside;1;1;0;0;BLE_CHANNEL_37;BLE_CHANNEL_37;BLE_CHANNEL_37;BLE_CHANNEL_37;UNKNOWN;UNKNOWN;UNKNOWN;UNKNOWN;UNKNOWN;0;0;0;0;0;0;0;0;0;0;
09:14:53:225;-73;-79;-80;-82;0;0;0;0;0;1.9200771;0.043866515;-0.033514604;0.0043725625312216465;0;0;0;0;0;0;0;0;0;0;1;5;7;9;0;0;2;0;10;10;10;14;14;0;0;0;0;0;outside;1;1;0;0;BLE_CHANNEL_37;BLE_CHANNEL_37;BLE_CHANNEL_37;BLE_CHANNEL_37;UNKNOWN;UNKNOWN;UNKNOWN;UNKNOWN;UNKNOWN;0;0;0;0;0;0;0;0;0;0;
09:14:53:347;-73;-79;-80;-82;0;0;0;0;0;1.9241105;0.045301843;-0.033975303;0.004658772630378394;0;0;0;0;0;0;0;0;0;0;1;5;7;9;0;0;2;0;10;10;10;14;14;0;0;0;0;0;outside;1;1;0;0;BLE_CHANNEL_37;BLE_CHANNEL_37;BLE_CHANNEL_37;BLE_CHANNEL_37;UNKNOWN;UNKNOWN;UNKNOWN;UNKNOWN;UNKNOWN;0;0;0;0;0;0;0;0;0;0;
09:14:53:493;-73;-79;-80;-82;0;0;0;0;0;1.9169068;0.04427344;-0.032955095;0.012171589663125815;0;0;0;0;0;0;0;0;0;0;1;5;7;9;0;0;2;0;10;10;10;14;14;0;0;0;0;0;outside;1;1;0;0;BLE_CHANNEL_37;BLE_CHANNEL_37;BLE_CHANNEL_37;BLE_CHANNEL_37;UNKNOWN;UNKNOWN;UNKNOWN;UNKNOWN;UNKNOWN;0;0;0;0;0;0;0;0;0;0;
09:14:53:619;-72;-78;-79;-81;0;0;0;0;0;1.9199339;0.04436087;-0.03302028;0.00758693725134485;0;0;0;0;0;0;0;0;0;0;1;5;7;9;0;0;2;0;10;10;10;14;14;0;0;0;0;0;outside;1;1;0;0;BLE_CHANNEL_37;BLE_CHANNEL_37;BLE_CHANNEL_37;BLE_CHANNEL_37;UNKNOWN;UNKNOWN;UNKNOWN;UNKNOWN;UNKNOWN;0;0;0;0;0;0;0;0;0;0;
09:14:53:733;-71;-78;-82;-82;0;0;0;0;0;1.9214134;0.04433751;-0.033992097;0.0010899847775966975;0;0;0;0;0;0;0;0;0;0;1;5;7;9;0;0;2;0;10;10;10;14;14;0;0;0;0;0;outside;1;1;0;0;BLE_CHANNEL_37;BLE_CHANNEL_37;BLE_CHANNEL_37;BLE_CHANNEL_37;UNKNOWN;UNKNOWN;UNKNOWN;UNKNOWN;UNKNOWN;0;0;0;0;0;0;0;0;0;0;
09:14:53:846;-73;-80;-85;-81;0;0;0;0;0;1.9163679;0.044787418;-0.033464957;0.008513256681673909;0;0;0;0;0;0;0;0;0;0;1;5;7;9;0;0;2;0;10;10;10;14;14;0;0;0;0;0;outside;1;1;0;0;BLE_CHANNEL_37;BLE_CHANNEL_37;BLE_CHANNEL_37;BLE_CHANNEL_37;UNKNOWN;UNKNOWN;UNKNOWN;UNKNOWN;UNKNOWN;0;0;0;0;0;0;0;0;0;0;
09:14:53:974;-71;-80;-82;-78;0;0;0;0;0;1.9094607;0.044403236;-0.03404257;0.0152753808160071;0;0;0;0;0;0;0;0;0;0;1;5;7;9;0;0;2;0;10;10;10;14;14;0;0;0;0;0;outside;1;1;0;0;BLE_CHANNEL_37;BLE_CHANNEL_37;BLE_CHANNEL_37;BLE_CHANNEL_37;UNKNOWN;UNKNOWN;UNKNOWN;UNKNOWN;UNKNOWN;0;0;0;0;0;0;0;0;0;0;
09:14:54:095;-72;-77;-82;-81;0;0;0;0;0;1.9081756;0.04433898;-0.033003964;0.0016433294384370356;0;0;0;0;0;0;0;0;0;0;1;5;7;9;0;0;2;0;10;10;10;14;14;0;0;0;0;0;outside;1;1;0;0;BLE_CHANNEL_37;BLE_CHANNEL_37;BLE_CHANNEL_37;BLE_CHANNEL_37;UNKNOWN;UNKNOWN;UNKNOWN;UNKNOWN;UNKNOWN;0;0;0;0;0;0;0;0;0;0;
09:14:54:213;-71;-79;-87;-81;0;0;0;0;0;1.908406;0.045347326;-0.033514604;0.0010814833745200758;0;0;0;0;0;0;0;0;0;0;1;5;7;9;0;0;2;0;10;10;10;14;14;0;0;0;0;0;outside;1;1;0;0;BLE_CHANNEL_37;BLE_CHANNEL_37;BLE_CHANNEL_37;BLE_CHANNEL_37;UNKNOWN;UNKNOWN;UNKNOWN;UNKNOWN;UNKNOWN;0;0;0;0;0;0;0;0;0;0;
09:14:54:332;-72;-78;-81;-81;0;0;0;0;0;1.9091581;0.044855203;-0.03252595;2.4639987146812814E-4;0;0;0;0;0;0;0;0;0;0;1;5;7;9;0;0;2;0;10;10;10;14;14;0;0;0;0;0;outside;1;1;0;0;BLE_CHANNEL_37;BLE_CHANNEL_37;BLE_CHANNEL_37;BLE_CHANNEL_37;UNKNOWN;UNKNOWN;UNKNOWN;UNKNOWN;UNKNOWN;0;0;0;0;0;0;0;0;0;0;
09:14:54:455;-72;-77;-81;-85;0;0;0;0;0;1.910937;0.04530334;-0.032987658;0.007751497086102788;0;0;0;0;0;0;0;0;0;0;1;5;7;9;0;0;2;0;10;10;10;14;14;0;0;0;0;0;outside;1;1;0;0;BLE_CHANNEL_37;BLE_CHANNEL_37;BLE_CHANNEL_37;BLE_CHANNEL_37;UNKNOWN;UNKNOWN;UNKNOWN;UNKNOWN;UNKNOWN;0;0;0;0;0;0;0;0;0;0;
09:14:54:578;-73;-76;-82;-81;0;0;0;0;0;1.9053407;0.044294544;-0.033464953;0.009870929845044785;0;0;0;0;0;0;0;0;0;0;1;5;7;9;0;0;2;0;10;10;10;14;14;0;0;0;0;0;outside;1;1;0;0;BLE_CHANNEL_37;BLE_CHANNEL_37;BLE_CHANNEL_37;BLE_CHANNEL_37;UNKNOWN;UNKNOWN;UNKNOWN;UNKNOWN;UNKNOWN;0;0;0;0;0;0;0;0;0;0;
09:14:54:693;-71;-76;-80;-81;0;0;0;0;0;1.8973529;0.043802362;-0.032971367;0.007680502516429044;0;0;0;0;0;0;0;0;0;0;1;5;7;9;0;0;2;0;10;10;10;14;14;0;0;0;0;0;outside;1;1;0;0;BLE_CHANNEL_37;BLE_CHANNEL_37;BLE_CHANNEL_37;BLE_CHANNEL_37;UNKNOWN;UNKNOWN;UNKNOWN;UNKNOWN;UNKNOWN;0;0;0;0;0;0;0;0;0;0;
09:14:54:817;-73;-76;-81;-80;0;0;0;0;0;1.9064423;0.044314142;-0.034962878;0.0018956762340476274;0;0;0;0;0;0;0;0;0;0;1;5;7;9;0;0;2;0;10;10;10;14;14;0;0;0;0;0;outside;1;1;0;0;BLE_CHANNEL_37;BLE_CHANNEL_37;BLE_CHANNEL_37;BLE_CHANNEL_37;UNKNOWN;UNKNOWN;UNKNOWN;UNKNOWN;UNKNOWN;0;0;0;0;0;0;0;0;0;0;
09:14:54:935;-72;-75;-81;-80;0;0;0;0;0;1.9097253;0.045817506;-0.033992093;0.0025523469098551743;0;0;0;0;0;0;0;0;0;0;1;5;7;9;0;0;2;0;10;10;10;14;14;0;0;0;0;0;outside;1;1;0;0;BLE_CHANNEL_37;BLE_CHANNEL_37;BLE_CHANNEL_37;BLE_CHANNEL_37;UNKNOWN;UNKNOWN;UNKNOWN;UNKNOWN;UNKNOWN;0;0;0;0;0;0;0;0;0;0;
09:14:55:060;-72;-75;-81;-80;0;0;0;0;0;1.9038919;0.044317115;-0.032987658;2.4430454465829143E-4;0;0;0;0;0;0;0;0;0;0;1;5;7;9;0;0;2;0;10;10;10;14;14;0;0;0;0;0;outside;1;1;0;0;BLE_CHANNEL_37;BLE_CHANNEL_37;BLE_CHANNEL_37;BLE_CHANNEL_37;UNKNOWN;UNKNOWN;UNKNOWN;UNKNOWN;UNKNOWN;0;0;0;0;0;0;0;0;0;0;
09:14:55:223;-72;-75;-81;-80;0;0;0;0;0;1.9065536;0.04431783;-0.032493807;0.0020075378217807582;0;0;0;0;0;0;0;0;0;0;1;5;7;9;0;0;2;0;10;10;10;14;14;0;0;0;0;0;outside;1;1;0;0;BLE_CHANNEL_37;BLE_CHANNEL_37;BLE_CHANNEL_37;BLE_CHANNEL_37;UNKNOWN;UNKNOWN;UNKNOWN;UNKNOWN;UNKNOWN;0;0;0;0;0;0;0;0;0;0;
09:14:55:344;-72;-76;-81;-80;0;0;0;0;0;1.906633;0.044339698;-0.03250987;0.004223206177762506;0;0;0;0;0;0;0;0;0;0;1;5;7;9;0;0;2;0;10;10;10;14;14;0;0;0;0;0;outside;1;1;0;0;BLE_CHANNEL_37;BLE_CHANNEL_37;BLE_CHANNEL_37;BLE_CHANNEL_37;UNKNOWN;UNKNOWN;UNKNOWN;UNKNOWN;UNKNOWN;0;0;0;0;0;0;0;0;0;0;
09:14:55:471;-72;-76;-82;-80;0;0;0;0;0;1.9081784;0.04433751;-0.033992097;0.0032300299436123225;0;0;0;0;0;0;0;0;0;0;1;5;7;9;0;0;2;0;10;10;10;14;14;0;0;0;0;0;outside;1;1;0;0;BLE_CHANNEL_37;BLE_CHANNEL_37;BLE_CHANNEL_37;BLE_CHANNEL_37;UNKNOWN;UNKNOWN;UNKNOWN;UNKNOWN;UNKNOWN;0;0;0;0;0;0;0;0;0;0;
09:14:55:591;-71;-75;-85;-80;0;0;0;0;0;1.9104182;0.04584238;-0.03252595;0.0069755316359962904;0;0;0;0;0;0;0;0;0;0;1;5;7;9;0;0;2;0;10;10;10;14;14;0;0;0;0;0;outside;1;1;0;0;BLE_CHANNEL_37;BLE_CHANNEL_37;BLE_CHANNEL_37;BLE_CHANNEL_37;UNKNOWN;UNKNOWN;UNKNOWN;UNKNOWN;UNKNOWN;0;0;0;0;0;0;0;0;0;0;
09:14:55:714;-71;-76;-82;-80;0;0;0;0;0;1.9026175;0.045393623;-0.032558147;0.013898660679258157;0;0;0;0;0;0;0;0;0;0;1;5;7;9;0;0;2;0;10;10;10;14;14;0;0;0;0;0;outside;1;1;0;0;BLE_CHANNEL_37;BLE_CHANNEL_37;BLE_CHANNEL_37;BLE_CHANNEL_37;UNKNOWN;UNKNOWN;UNKNOWN;UNKNOWN;UNKNOWN;0;0;0;0;0;0;0;0;0;0;
09:14:55:832;-71;-76;-81;-80;0;0;0;0;0;1.9083629;0.043822516;-0.033975303;0.007322124512526784;0;0;0;0;0;0;0;0;0;0;1;5;7;9;0;0;2;0;10;10;10;14;14;0;0;0;0;0;outside;1;1;0;0;BLE_CHANNEL_37;BLE_CHANNEL_37;BLE_CHANNEL_37;BLE_CHANNEL_37;UNKNOWN;UNKNOWN;UNKNOWN;UNKNOWN;UNKNOWN;0;0;0;0;0;0;0;0;0;0;
09:14:55:948;-71;-75;-82;-80;0;0;0;0;0;1.9089032;0.04436087;-0.03302028;0.003220062556520631;0;0;0;0;0;0;0;0;0;0;1;5;7;9;0;0;2;0;10;10;10;14;14;0;0;0;0;0;outside;1;1;0;0;BLE_CHANNEL_37;BLE_CHANNEL_37;BLE_CHANNEL_37;BLE_CHANNEL_37;UNKNOWN;UNKNOWN;UNKNOWN;UNKNOWN;UNKNOWN;0;0;0;0;0;0;0;0;0;0;
09:14:56:081;-73;-76;-81;-80;0;0;0;0;0;1.9114819;0.04528101;-0.032971367;0.01060213382457853;0;0;0;0;0;0;0;0;0;0;1;5;7;9;0;0;2;0;10;10;10;14;14;0;0;0;0;0;outside;1;1;0;0;BLE_CHANNEL_37;BLE_CHANNEL_37;BLE_CHANNEL_37;BLE_CHANNEL_37;UNKNOWN;UNKNOWN;UNKNOWN;UNKNOWN;UNKNOWN;0;0;0;0;0;0;0;0;0;0;
09:14:56:194;-71;-75;-83;-80;0;0;0;0;0;1.9107583;0.04483235;-0.033003964;0.0013925006871655654;0;0;0;0;0;0;0;0;0;0;1;5;7;9;0;0;2;0;10;10;10;14;14;0;0;0;0;0;outside;1;1;0;0;BLE_CHANNEL_37;BLE_CHANNEL_37;BLE_CHANNEL_37;BLE_CHANNEL_37;UNKNOWN;UNKNOWN;UNKNOWN;UNKNOWN;UNKNOWN;0;0;0;0;0;0;0;0;0;0;
09:14:56:322;-72;-75;-80;-80;0;0;0;0;0;1.9199142;0.04481024;-0.032987658;0.005149912342631069;0;0;0;0;0;0;0;0;0;0;1;5;7;9;0;0;2;0;10;10;10;14;14;0;0;0;0;0;outside;1;1;0;0;BLE_CHANNEL_37;BLE_CHANNEL_37;BLE_CHANNEL_37;BLE_CHANNEL_37;UNKNOWN;UNKNOWN;UNKNOWN;UNKNOWN;UNKNOWN;0;0;0;0;0;0;0;0;0;0;
09:14:56:436;-72;-74;-79;-80;0;0;0;0;0;1.9179903;0.044317115;-0.032987658;0.00303952396604501;0;0;0;0;0;0;0;0;0;0;1;5;7;9;0;0;2;0;10;10;10;14;14;0;0;0;0;0;outside;1;1;0;0;BLE_CHANNEL_37;BLE_CHANNEL_37;BLE_CHANNEL_37;BLE_CHANNEL_37;UNKNOWN;UNKNOWN;UNKNOWN;UNKNOWN;UNKNOWN;0;0;0;0;0;0;0;0;0;0;
09:14:56:551;-72;-75;-78;-83;0;0;0;0;0;1.9190394;0.04431638;-0.03348149;0.004558726814165581;0;0;0;0;0;0;0;0;0;0;1;5;7;9;0;0;2;0;10;10;10;14;14;0;0;0;0;0;outside;1;1;0;0;BLE_CHANNEL_37;BLE_CHANNEL_37;BLE_CHANNEL_37;BLE_CHANNEL_37;UNKNOWN;UNKNOWN;UNKNOWN;UNKNOWN;UNKNOWN;0;0;0;0;0;0;0;0;0;0;
09:14:56:680;-71;-75;-78;-85;0;0;0;0;0;1.9182564;0.044789582;-0.031984147;0.008314802566916413;0;0;0;0;0;0;0;0;0;0;1;5;7;9;0;0;2;0;10;10;10;14;14;0;0;0;0;0;outside;1;1;0;0;BLE_CHANNEL_37;BLE_CHANNEL_37;BLE_CHANNEL_37;BLE_CHANNEL_37;UNKNOWN;UNKNOWN;UNKNOWN;UNKNOWN;UNKNOWN;0;0;0;0;0;0;0;0;0;0;
09:14:56:798;-71;-76;-82;-85;0;0;0;0;0;1.9189674;0.044293806;-0.03395853;0.009198565894903865;0;0;0;0;0;0;0;0;0;0;1;5;7;9;0;0;2;0;10;10;10;14;14;0;0;0;0;0;outside;1;1;0;0;BLE_CHANNEL_37;BLE_CHANNEL_37;BLE_CHANNEL_37;BLE_CHANNEL_37;UNKNOWN;UNKNOWN;UNKNOWN;UNKNOWN;UNKNOWN;0;0;0;0;0;0;0;0;0;0;
09:14:56:920;-72;-77;-81;-83;0;0;0;0;0;1.9252503;0.045301843;-0.033975303;0.0028601428696362063;0;0;0;0;0;0;0;0;0;0;1;5;7;9;0;0;2;0;10;10;10;14;14;0;0;0;0;0;outside;1;1;0;0;BLE_CHANNEL_37;BLE_CHANNEL_37;BLE_CHANNEL_37;BLE_CHANNEL_37;UNKNOWN;UNKNOWN;UNKNOWN;UNKNOWN;UNKNOWN;0;0;0;0;0;0;0;0;0;0;
09:14:57:034;-73;-76;-80;-81;0;0;0;0;0;1.9154798;0.045325696;-0.033003964;0.004191467343341415;0;0;0;0;0;0;0;0;0;0;1;5;7;9;0;0;2;0;10;10;10;14;14;0;0;0;0;0;outside;1;1;0;0;BLE_CHANNEL_37;BLE_CHANNEL_37;BLE_CHANNEL_37;BLE_CHANNEL_37;UNKNOWN;UNKNOWN;UNKNOWN;UNKNOWN;UNKNOWN;0;0;0;0;0;0;0;0;0;0;
09:14:57:147;-72;-76;-81;-81;0;0;0;0;0;1.9145019;0.04481024;-0.032987658;8.526558729045064E-4;0;0;0;0;0;0;0;0;0;0;1;5;7;9;0;0;2;0;10;10;10;14;14;0;0;0;0;0;outside;1;1;0;0;BLE_CHANNEL_37;BLE_CHANNEL_37;BLE_CHANNEL_37;BLE_CHANNEL_37;UNKNOWN;UNKNOWN;UNKNOWN;UNKNOWN;UNKNOWN;0;0;0;0;0;0;0;0;0;0;
09:14:57:268;-72;-77;-77;-81;0;0;0;0;0;1.9244395;0.04483161;-0.033498038;0.0027899523009420335;0;0;0;0;0;0;0;0;0;0;1;5;7;9;0;0;2;0;10;10;10;14;14;0;0;0;0;0;outside;1;1;0;0;BLE_CHANNEL_37;BLE_CHANNEL_37;BLE_CHANNEL_37;BLE_CHANNEL_37;UNKNOWN;UNKNOWN;UNKNOWN;UNKNOWN;UNKNOWN;0;0;0;0;0;0;0;0;0;0;
09:14:57:391;-72;-75;-77;-82;0;0;0;0;0;1.9231607;0.04438278;-0.03303662;0.009314347869061379;0;0;0;0;0;0;0;0;0;0;1;5;7;9;0;0;2;0;10;10;10;14;14;0;0;0;0;0;outside;1;1;0;0;BLE_CHANNEL_37;BLE_CHANNEL_37;BLE_CHANNEL_37;BLE_CHANNEL_37;UNKNOWN;UNKNOWN;UNKNOWN;UNKNOWN;UNKNOWN;0;0;0;0;0;0;0;0;0;0;
09:14:57:514;-71;-75;-78;-81;0;0;0;0;0;1.913677;0.04433898;-0.033003964;0.0011881296069731206;0;0;0;0;0;0;0;0;0;0;1;5;7;9;0;0;2;0;10;10;10;14;14;0;0;0;0;0;outside;1;1;0;0;BLE_CHANNEL_37;BLE_CHANNEL_37;BLE_CHANNEL_37;BLE_CHANNEL_37;UNKNOWN;UNKNOWN;UNKNOWN;UNKNOWN;UNKNOWN;0;0;0;0;0;0;0;0;0;0;
09:14:57:636;-71;-76;-78;-81;0;0;0;0;0;1.9184363;0.04579568;-0.03348149;0.005771112964838565;0;0;0;0;0;0;0;0;0;0;1;5;7;9;0;0;2;0;10;10;10;14;14;0;0;0;0;0;outside;1;1;0;0;BLE_CHANNEL_37;BLE_CHANNEL_37;BLE_CHANNEL_37;BLE_CHANNEL_37;UNKNOWN;UNKNOWN;UNKNOWN;UNKNOWN;UNKNOWN;0;0;0;0;0;0;0;0;0;0;
09:14:57:765;-71;-76;-79;-82;0;0;0;0;0;1.9055755;0.044788152;-0.032971367;0.008927626666206834;0;0;0;0;0;0;0;0;0;0;1;5;7;9;0;0;2;0;10;10;10;14;14;0;0;0;0;0;outside;1;1;0;0;BLE_CHANNEL_37;BLE_CHANNEL_37;BLE_CHANNEL_37;BLE_CHANNEL_37;UNKNOWN;UNKNOWN;UNKNOWN;UNKNOWN;UNKNOWN;0;0;0;0;0;0;0;0;0;0;
09:14:57:877;-72;-77;-78;-81;0;0;0;0;0;1.9112494;0.043330085;-0.03348149;0.0013830125027851636;0;0;0;0;0;0;0;0;0;0;1;5;7;9;0;0;2;0;10;10;10;14;14;0;0;0;0;0;outside;1;1;0;0;BLE_CHANNEL_37;BLE_CHANNEL_37;BLE_CHANNEL_37;BLE_CHANNEL_37;UNKNOWN;UNKNOWN;UNKNOWN;UNKNOWN;UNKNOWN;0;0;0;0;0;0;0;0;0;0;
09:14:58:004;-71;-77;-77;-80;0;0;0;0;0;1.9151132;0.04483235;-0.033003964;0.002042906570954628;0;0;0;0;0;0;0;0;0;0;1;5;7;9;0;0;2;0;10;10;10;14;14;0;0;0;0;0;outside;1;1;0;0;BLE_CHANNEL_37;BLE_CHANNEL_37;BLE_CHANNEL_37;BLE_CHANNEL_37;UNKNOWN;UNKNOWN;UNKNOWN;UNKNOWN;UNKNOWN;0;0;0;0;0;0;0;0;0;0;
09:14:58:117;-72;-77;-75;-80;0;0;0;0;0;1.9280277;0.045728028;-0.033431944;0.014890866092557076;0;0;0;0;0;0;0;0;0;0;1;5;7;9;0;0;2;0;10;10;10;14;14;0;0;0;0;0;outside;1;1;0;0;BLE_CHANNEL_37;BLE_CHANNEL_37;BLE_CHANNEL_37;BLE_CHANNEL_37;UNKNOWN;UNKNOWN;UNKNOWN;UNKNOWN;UNKNOWN;0;0;0;0;0;0;0;0;0;0;
09:14:58:242;-72;-77;-76;-81;0;0;0;0;0;1.9237152;0.04478887;-0.032477763;0.004164947139788211;0;0;0;0;0;0;0;0;0;0;1;5;7;9;0;0;2;0;10;10;10;14;14;0;0;0;0;0;outside;1;1;0;0;BLE_CHANNEL_37;BLE_CHANNEL_37;BLE_CHANNEL_37;BLE_CHANNEL_37;UNKNOWN;UNKNOWN;UNKNOWN;UNKNOWN;UNKNOWN;0;0;0;0;0;0;0;0;0;0;
09:14:58:369;-72;-77;-76;-81;0;0;0;0;0;1.9289536;0.04638021;-0.03354778;0.016427430329295944;0;0;0;0;0;0;0;0;0;0;1;5;7;9;0;0;2;0;10;10;10;14;14;0;0;0;0;0;outside;1;1;0;0;BLE_CHANNEL_37;BLE_CHANNEL_37;BLE_CHANNEL_37;BLE_CHANNEL_37;UNKNOWN;UNKNOWN;UNKNOWN;UNKNOWN;UNKNOWN;0;0;0;0;0;0;0;0;0;0;
09:14:58:512;-72;-77;-76;-81;0;0;0;0;0;1.9241116;0.044743307;-0.033431944;0.014901241075204297;0;0;0;0;0;0;0;0;0;0;1;5;7;9;0;0;2;0;10;10;10;14;14;0;0;0;0;0;outside;1;1;0;0;BLE_CHANNEL_37;BLE_CHANNEL_37;BLE_CHANNEL_37;BLE_CHANNEL_37;UNKNOWN;UNKNOWN;UNKNOWN;UNKNOWN;UNKNOWN;0;0;0;0;0;0;0;0;0;0;
09:14:58:627;-72;-77;-82;-85;0;0;0;0;0;1.9246994;0.04530334;-0.032987658;0.0033941591344426314;0;0;0;0;0;0;0;0;0;0;1;5;7;9;0;0;2;0;10;10;10;14;14;0;0;0;0;0;outside;1;1;0;0;BLE_CHANNEL_37;BLE_CHANNEL_37;BLE_CHANNEL_37;BLE_CHANNEL_37;UNKNOWN;UNKNOWN;UNKNOWN;UNKNOWN;UNKNOWN;0;0;0;0;0;0;0;0;0;0;
09:14:58:749;-72;-77;-85;-85;0;0;0;0;0;1.924872;0.045347326;-0.033514604;0.004217164526863826;0;0;0;0;0;0;0;0;0;0;1;5;7;9;0;0;2;0;10;10;10;14;14;0;0;0;0;0;outside;1;1;0;0;BLE_CHANNEL_37;BLE_CHANNEL_37;BLE_CHANNEL_37;BLE_CHANNEL_37;UNKNOWN;UNKNOWN;UNKNOWN;UNKNOWN;UNKNOWN;0;0;0;0;0;0;0;0;0;0;
09:14:58:859;-71;-76;-92;-83;0;0;0;0;0;1.923529;0.044876635;-0.03303662;0.009732787592936276;0;0;0;0;0;0;0;0;0;0;1;5;7;9;0;0;2;0;10;10;10;14;14;0;0;0;0;0;outside;1;1;0;0;BLE_CHANNEL_37;BLE_CHANNEL_37;BLE_CHANNEL_37;BLE_CHANNEL_37;UNKNOWN;UNKNOWN;UNKNOWN;UNKNOWN;UNKNOWN;0;0;0;0;0;0;0;0;0;0;
09:14:58:990;-72;-75;-92;-84;0;0;0;0;0;1.9310105;0.04530334;-0.032987658;0.005867036636884038;0;0;0;0;0;0;0;0;0;0;1;5;7;9;0;0;2;0;10;10;10;14;14;0;0;0;0;0;outside;1;1;0;0;BLE_CHANNEL_37;BLE_CHANNEL_37;BLE_CHANNEL_37;BLE_CHANNEL_37;UNKNOWN;UNKNOWN;UNKNOWN;UNKNOWN;UNKNOWN;0;0;0;0;0;0;0;0;0;0;
09:14:59:107;-72;-74;-90;-92;0;0;0;0;0;1.9217432;0.0448759;-0.03353118;0.008135544953281837;0;0;0;0;0;0;0;0;0;0;1;5;7;9;0;0;2;0;10;10;10;14;14;0;0;0;0;0;outside;1;1;0;0;BLE_CHANNEL_37;BLE_CHANNEL_37;BLE_CHANNEL_37;BLE_CHANNEL_37;UNKNOWN;UNKNOWN;UNKNOWN;UNKNOWN;UNKNOWN;0;0;0;0;0;0;0;0;0;0;
09:14:59:225;-73;-75;-88;-92;0;0;0;0;0;1.920891;0.044787418;-0.033464957;0.008059307707064534;0;0;0;0;0;0;0;0;0;0;1;5;7;9;0;0;2;0;10;10;10;14;14;0;0;0;0;0;outside;1;1;0;0;BLE_CHANNEL_37;BLE_CHANNEL_37;BLE_CHANNEL_37;BLE_CHANNEL_37;UNKNOWN;UNKNOWN;UNKNOWN;UNKNOWN;UNKNOWN;0;0;0;0;0;0;0;0;0;0;
09:14:59:352;-72;-77;-83;-91;0;0;0;0;0;1.9195713;0.044315647;-0.033975303;0.0017015744255974852;0;0;0;0;0;0;0;0;0;0;1;5;7;9;0;0;2;0;10;10;10;14;14;0;0;0;0;0;outside;1;1;0;0;BLE_CHANNEL_37;BLE_CHANNEL_37;BLE_CHANNEL_37;BLE_CHANNEL_37;UNKNOWN;UNKNOWN;UNKNOWN;UNKNOWN;UNKNOWN;0;0;0;0;0;0;0;0;0;0;
09:14:59:467;-72;-77;-83;-91;0;0;0;0;0;1.9277735;0.04433898;-0.033003964;2.948339550385981E-4;0;0;0;0;0;0;0;0;0;0;1;5;7;9;0;0;2;0;10;10;10;14;14;0;0;0;0;0;outside;1;1;0;0;BLE_CHANNEL_37;BLE_CHANNEL_37;BLE_CHANNEL_37;BLE_CHANNEL_37;UNKNOWN;UNKNOWN;UNKNOWN;UNKNOWN;UNKNOWN;0;0;0;0;0;0;0;0;0;0;
09:14:59:592;-73;-77;-82;-87;0;0;0;0;0;1.9298688;0.044314142;-0.034962878;0.005623589136879659;0;0;0;0;0;0;0;0;0;0;1;5;7;9;0;0;2;0;10;10;10;14;14;0;0;0;0;0;outside;1;1;0;0;BLE_CHANNEL_37;BLE_CHANNEL_37;BLE_CHANNEL_37;BLE_CHANNEL_37;UNKNOWN;UNKNOWN;UNKNOWN;UNKNOWN;UNKNOWN;0;0;0;0;0;0;0;0;0;0;
09:14:59:715;-71;-77;-83;-88;0;0;0;0;0;1.9363654;0.045370467;-0.033036616;0.007967256148022628;0;0;0;0;0;0;0;0;0;0;1;5;7;9;0;0;2;0;10;10;10;14;14;0;0;0;0;0;outside;1;1;0;0;BLE_CHANNEL_37;BLE_CHANNEL_37;BLE_CHANNEL_37;BLE_CHANNEL_37;UNKNOWN;UNKNOWN;UNKNOWN;UNKNOWN;UNKNOWN;0;0;0;0;0;0;0;0;0;0;
09:14:59:825;-71;-76;-84;-87;0;0;0;0;0;1.9432136;0.04481024;-0.032987658;0.004186701283060756;0;0;0;0;0;0;0;0;0;0;1;5;7;9;0;0;2;0;10;10;10;14;14;0;0;0;0;0;outside;1;1;0;0;BLE_CHANNEL_37;BLE_CHANNEL_37;BLE_CHANNEL_37;BLE_CHANNEL_37;UNKNOWN;UNKNOWN;UNKNOWN;UNKNOWN;UNKNOWN;0;0;0;0;0;0;0;0;0;0;
09:14:59:938;-71;-76;-84;-89;0;0;0;0;0;1.9444454;0.044853747;-0.0335146;0.0028682792611718355;0;0;0;0;0;0;0;0;0;0;1;5;7;9;0;0;2;0;10;10;10;14;14;0;0;0;0;0;outside;1;1;0;0;BLE_CHANNEL_37;BLE_CHANNEL_37;BLE_CHANNEL_37;BLE_CHANNEL_37;UNKNOWN;UNKNOWN;UNKNOWN;UNKNOWN;UNKNOWN;0;0;0;0;0;0;0;0;0;0;
09:15:00:052;-71;-76;-84;-89;0;0;0;0;0;1.9392691;0.043843396;-0.034486134;0.0013356813963003589;0;0;0;0;0;0;0;0;0;0;1;5;7;9;0;0;2;0;10;10;10;14;14;0;0;0;0;0;outside;1;1;0;0;BLE_CHANNEL_37;BLE_CHANNEL_37;BLE_CHANNEL_37;BLE_CHANNEL_37;UNKNOWN;UNKNOWN;UNKNOWN;UNKNOWN;UNKNOWN;0;0;0;0;0;0;0;0;0;0;
09:15:00:165;-71;-76;-84;-89;0;0;0;0;0;1.9528902;0.04579568;-0.03348149;0.005695772693842471;0;0;0;0;0;0;0;0;0;0;1;5;7;9;0;0;2;0;10;10;10;14;14;0;0;0;0;0;outside;1;1;0;0;BLE_CHANNEL_37;BLE_CHANNEL_37;BLE_CHANNEL_37;BLE_CHANNEL_37;UNKNOWN;UNKNOWN;UNKNOWN;UNKNOWN;UNKNOWN;0;0;0;0;0;0;0;0;0;0;
09:15:00:273;-73;-76;-87;-88;0;0;0;0;0;1.9622053;0.045819018;-0.03300396;6.743609236945503E-4;0;0;0;0;0;0;0;0;0;0;1;5;7;9;0;0;2;0;10;10;10;14;14;0;0;0;0;0;outside;1;1;0;0;BLE_CHANNEL_37;BLE_CHANNEL_37;BLE_CHANNEL_37;BLE_CHANNEL_37;UNKNOWN;UNKNOWN;UNKNOWN;UNKNOWN;UNKNOWN;0;0;0;0;0;0;0;0;0;0;
09:15:00:399;-73;-76;-91;-86;0;0;0;0;0;1.961693;0.04539214;-0.03354778;0.014108702782387184;0;0;0;0;0;0;0;0;0;0;1;5;7;9;0;0;2;0;10;10;10;14;14;0;0;0;0;0;outside;1;1;0;0;BLE_CHANNEL_37;BLE_CHANNEL_37;BLE_CHANNEL_37;BLE_CHANNEL_37;UNKNOWN;UNKNOWN;UNKNOWN;UNKNOWN;UNKNOWN;0;0;0;0;0;0;0;0;0;0;
09:15:00:514;-71;-76;-91;-83;0;0;0;0;0;1.9593966;0.04433751;-0.033992097;8.564645021884587E-4;0;0;0;0;0;0;0;0;0;0;1;5;7;9;0;0;2;0;10;10;10;14;14;0;0;0;0;0;outside;1;1;0;0;BLE_CHANNEL_37;BLE_CHANNEL_37;BLE_CHANNEL_37;BLE_CHANNEL_37;UNKNOWN;UNKNOWN;UNKNOWN;UNKNOWN;UNKNOWN;0;0;0;0;0;0;0;0;0;0;
09:15:00:637;-72;-76;-91;-84;0;0;0;0;0;1.9612112;0.045415323;-0.033069342;0.013881169745793898;0;0;0;0;0;0;0;0;0;0;1;5;7;9;0;0;2;0;10;10;10;14;14;0;0;0;0;0;outside;1;1;0;0;BLE_CHANNEL_37;BLE_CHANNEL_37;BLE_CHANNEL_37;BLE_CHANNEL_37;UNKNOWN;UNKNOWN;UNKNOWN;UNKNOWN;UNKNOWN;0;0;0;0;0;0;0;0;0;0;
09:15:00:761;-72;-76;-91;-80;0;0;0;0;0;1.958472;0.04532495;-0.033498034;0.004854204689314301;0;0;0;0;0;0;0;0;0;0;1;5;7;9;0;0;2;0;10;10;10;14;14;0;0;0;0;0;outside;1;1;0;0;BLE_CHANNEL_37;BLE_CHANNEL_37;BLE_CHANNEL_37;BLE_CHANNEL_37;UNKNOWN;UNKNOWN;UNKNOWN;UNKNOWN;UNKNOWN;0;0;0;0;0;0;0;0;0;0;
09:15:00:881;-72;-76;-96;-81;0;0;0;0;0;1.9578431;0.04530334;-0.032987658;0.007649453934247319;0;0;0;0;0;0;0;0;0;0;1;5;7;9;0;0;2;0;10;10;10;14;14;0;0;0;0;0;outside;1;1;0;0;BLE_CHANNEL_37;BLE_CHANNEL_37;BLE_CHANNEL_37;BLE_CHANNEL_37;UNKNOWN;UNKNOWN;UNKNOWN;UNKNOWN;UNKNOWN;0;0;0;0;0;0;0;0;0;0;
09:15:01:002;-73;-76;-94;-80;0;0;0;0;0;1.9588187;0.04528027;-0.033464957;0.008839657861303252;0;0;0;0;0;0;0;0;0;0;1;5;7;9;0;0;2;0;10;10;10;14;14;0;0;0;0;0;outside;1;1;0;0;BLE_CHANNEL_37;BLE_CHANNEL_37;BLE_CHANNEL_37;BLE_CHANNEL_37;UNKNOWN;UNKNOWN;UNKNOWN;UNKNOWN;UNKNOWN;0;0;0;0;0;0;0;0;0;0;
09:15:01:131;-73;-76;-88;-79;0;0;0;0;0;1.9671698;0.044272713;-0.033448443;0.010382339473236968;0;0;0;0;0;0;0;0;0;0;1;5;7;9;0;0;2;0;10;10;10;14;14;0;0;0;0;0;outside;1;1;0;0;BLE_CHANNEL_37;BLE_CHANNEL_37;BLE_CHANNEL_37;BLE_CHANNEL_37;UNKNOWN;UNKNOWN;UNKNOWN;UNKNOWN;UNKNOWN;0;0;0;0;0;0;0;0;0;0;
09:15:01:243;-72;-76;-88;-81;0;0;0;0;0;1.9700043;0.04577459;-0.032477763;0.00403484991696601;0;0;0;0;0;0;0;0;0;0;1;5;7;9;0;0;2;0;10;10;10;14;14;0;0;0;0;0;outside;1;1;0;0;BLE_CHANNEL_37;BLE_CHANNEL_37;BLE_CHANNEL_37;BLE_CHANNEL_37;UNKNOWN;UNKNOWN;UNKNOWN;UNKNOWN;UNKNOWN;0;0;0;0;0;0;0;0;0;0;
09:15:01:361;-72;-76;-88;-82;0;0;0;0;0;1.9720253;0.045862757;-0.034025732;0.012423490338532517;0;0;0;0;0;0;0;0;0;0;1;5;7;9;0;0;2;0;10;10;10;14;14;0;0;0;0;0;outside;1;1;0;0;BLE_CHANNEL_37;BLE_CHANNEL_37;BLE_CHANNEL_37;BLE_CHANNEL_37;UNKNOWN;UNKNOWN;UNKNOWN;UNKNOWN;UNKNOWN;0;0;0;0;0;0;0;0;0;0;
09:15:01:485;-72;-75;-96;-83;0;0;0;0;0;1.9678115;0.044293806;-0.03395853;0.006551165992560115;0;0;0;0;0;0;0;0;0;0;1;5;7;9;0;0;2;0;10;10;10;14;14;0;0;0;0;0;outside;1;1;0;0;BLE_CHANNEL_37;BLE_CHANNEL_37;BLE_CHANNEL_37;BLE_CHANNEL_37;UNKNOWN;UNKNOWN;UNKNOWN;UNKNOWN;UNKNOWN;0;0;0;0;0;0;0;0;0;0;
09:15:01:603;-72;-76;-95;-81;0;0;0;0;0;1.968928;0.045325696;-0.033003964;5.322189912906339E-4;0;0;0;0;0;0;0;0;0;0;1;5;7;9;0;0;2;0;10;10;10;14;14;0;0;0;0;0;outside;1;1;0;0;BLE_CHANNEL_37;BLE_CHANNEL_37;BLE_CHANNEL_37;BLE_CHANNEL_37;UNKNOWN;UNKNOWN;UNKNOWN;UNKNOWN;UNKNOWN;0;0;0;0;0;0;0;0;0;0;
09:15:01:726;-72;-75;-95;-83;0;0;0;0;0;1.9665564;0.04438205;-0.03353118;0.007405810068043195;0;0;0;0;0;0;0;0;0;0;1;5;7;9;0;0;2;0;10;10;10;14;14;0;0;0;0;0;outside;1;1;0;0;BLE_CHANNEL_37;BLE_CHANNEL_37;BLE_CHANNEL_37;BLE_CHANNEL_37;UNKNOWN;UNKNOWN;UNKNOWN;UNKNOWN;UNKNOWN;0;0;0;0;0;0;0;0;0;0;
09:15:01:843;-72;-75;-101;-83;0;0;0;0;0;1.9651855;0.043866515;-0.033514604;0.0041322366034872715;0;0;0;0;0;0;0;0;0;0;1;5;7;9;0;0;2;0;10;10;10;14;14;0;0;0;0;0;outside;1;1;0;0;BLE_CHANNEL_37;BLE_CHANNEL_37;BLE_CHANNEL_37;BLE_CHANNEL_37;UNKNOWN;UNKNOWN;UNKNOWN;UNKNOWN;UNKNOWN;0;0;0;0;0;0;0;0;0;0;
09:15:01:972;-72;-75;-101;-82;0;0;0;0;0;1.9681046;0.044786673;-0.03395853;0.010791557529559626;0;0;0;0;0;0;0;0;0;0;1;5;7;9;0;0;2;0;10;10;10;14;14;0;0;0;0;0;outside;1;1;0;0;BLE_CHANNEL_37;BLE_CHANNEL_37;BLE_CHANNEL_37;BLE_CHANNEL_37;UNKNOWN;UNKNOWN;UNKNOWN;UNKNOWN;UNKNOWN;0;0;0;0;0;0;0;0;0;0;
09:15:02:097;-72;-76;-94;-83;0;0;0;0;0;1.9664038;0.04433825;-0.033498038;0.0015259493023069837;0;0;0;0;0;0;0;0;0;0;1;5;7;9;0;0;2;0;10;10;10;14;14;0;0;0;0;0;outside;1;1;0;0;BLE_CHANNEL_37;BLE_CHANNEL_37;BLE_CHANNEL_37;BLE_CHANNEL_37;UNKNOWN;UNKNOWN;UNKNOWN;UNKNOWN;UNKNOWN;0;0;0;0;0;0;0;0;0;0;
09:15:02:244;-73;-75;-94;-80;0;0;0;0;0;1.9614769;0.044810962;-0.032493807;0.0012502309741098117;0;0;0;0;0;0;0;0;0;0;1;5;7;9;0;0;2;0;10;10;10;14;14;0;0;0;0;0;outside;1;1;0;0;BLE_CHANNEL_37;BLE_CHANNEL_37;BLE_CHANNEL_37;BLE_CHANNEL_37;UNKNOWN;UNKNOWN;UNKNOWN;UNKNOWN;UNKNOWN;0;0;0;0;0;0;0;0;0;0;
09:15:02:352;-73;-75;-93;-81;0;0;0;0;0;1.9502351;0.04480876;-0.033975303;7.235650871191268E-4;0;0;0;0;0;0;0;0;0;0;1;5;7;9;0;0;2;0;10;10;10;14;14;0;0;0;0;0;outside;1;1;0;0;BLE_CHANNEL_37;BLE_CHANNEL_37;BLE_CHANNEL_37;BLE_CHANNEL_37;UNKNOWN;UNKNOWN;UNKNOWN;UNKNOWN;UNKNOWN;0;0;0;0;0;0;0;0;0;0;
09:15:02:467;-73;-75;-91;-81;0;0;0;0;0;1.9446987;0.045348804;-0.032525945;0.006668515288421162;0;0;0;0;0;0;0;0;0;0;1;5;7;9;0;0;2;0;10;10;10;14;14;0;0;0;0;0;outside;1;1;0;0;BLE_CHANNEL_37;BLE_CHANNEL_37;BLE_CHANNEL_37;BLE_CHANNEL_37;UNKNOWN;UNKNOWN;UNKNOWN;UNKNOWN;UNKNOWN;0;0;0;0;0;0;0;0;0;0;
09:15:02:589;-73;-75;-92;-80;0;0;0;0;0;1.9327837;0.044295266;-0.032971367;0.008359434847259095;0;0;0;0;0;0;0;0;0;0;1;5;7;9;0;0;2;0;10;10;10;14;14;0;0;0;0;0;outside;1;1;0;0;BLE_CHANNEL_37;BLE_CHANNEL_37;BLE_CHANNEL_37;BLE_CHANNEL_37;UNKNOWN;UNKNOWN;UNKNOWN;UNKNOWN;UNKNOWN;0;0;0;0;0;0;0;0;0;0;
09:15:02:696;-73;-76;-91;-80;0;0;0;0;0;1.9402245;0.044787418;-0.033464957;0.007737919462435627;0;0;0;0;0;0;0;0;0;0;1;5;7;9;0;0;2;0;10;10;10;14;14;0;0;0;0;0;outside;1;1;0;0;BLE_CHANNEL_37;BLE_CHANNEL_37;BLE_CHANNEL_37;BLE_CHANNEL_37;UNKNOWN;UNKNOWN;UNKNOWN;UNKNOWN;UNKNOWN;0;0;0;0;0;0;0;0;0;0;
09:15:02:814;-73;-75;-92;-80;0;0;0;0;0;1.9437662;0.044809505;-0.03348149;0.003434808847444515;0;0;0;0;0;0;0;0;0;0;1;5;7;9;0;0;2;0;10;10;10;14;14;0;0;0;0;0;outside;1;1;0;0;BLE_CHANNEL_37;BLE_CHANNEL_37;BLE_CHANNEL_37;BLE_CHANNEL_37;UNKNOWN;UNKNOWN;UNKNOWN;UNKNOWN;UNKNOWN;0;0;0;0;0;0;0;0;0;0;
09:15:02:930;-73;-76;-92;-80;0;0;0;0;0;1.9444805;0.044852998;-0.0340089;0.008779894962009038;0;0;0;0;0;0;0;0;0;0;1;5;7;9;0;0;2;0;10;10;10;14;14;0;0;0;0;0;outside;1;1;0;0;BLE_CHANNEL_37;BLE_CHANNEL_37;BLE_CHANNEL_37;BLE_CHANNEL_37;UNKNOWN;UNKNOWN;UNKNOWN;UNKNOWN;UNKNOWN;0;0;0;0;0;0;0;0;0;0;
09:15:03:040;-72;-75;-93;-79;0;0;0;0;0;1.9416547;0.045302596;-0.03348149;0.0026741276443971174;0;0;0;0;0;0;0;0;0;0;1;5;7;9;0;0;2;0;10;10;10;14;14;0;0;0;0;0;outside;1;1;0;0;BLE_CHANNEL_37;BLE_CHANNEL_37;BLE_CHANNEL_37;BLE_CHANNEL_37;UNKNOWN;UNKNOWN;UNKNOWN;UNKNOWN;UNKNOWN;0;0;0;0;0;0;0;0;0;0;
09:15:03:177;-72;-75;-97;-80;0;0;0;0;0;1.938176;0.04425164;-0.032938838;0.015462087652336365;0;0;0;0;0;0;0;0;0;0;1;5;7;9;0;0;2;0;10;10;10;14;14;0;0;0;0;0;outside;1;1;0;0;BLE_CHANNEL_37;BLE_CHANNEL_37;BLE_CHANNEL_37;BLE_CHANNEL_37;UNKNOWN;UNKNOWN;UNKNOWN;UNKNOWN;UNKNOWN;0;0;0;0;0;0;0;0;0;0;
09:15:03:293;-72;-75;-97;-80;0;0;0;0;0;1.9410207;0.044876635;-0.03303662;0.012146537287760495;0;0;0;0;0;0;0;0;0;0;1;5;7;9;0;0;2;0;10;10;10;14;14;0;0;0;0;0;outside;1;1;0;0;BLE_CHANNEL_37;BLE_CHANNEL_37;BLE_CHANNEL_37;BLE_CHANNEL_37;UNKNOWN;UNKNOWN;UNKNOWN;UNKNOWN;UNKNOWN;0;0;0;0;0;0;0;0;0;0;
09:15:03:458;-72;-75;-97;-80;0;0;0;0;0;1.9358951;0.04483161;-0.033498038;0.005244709991371721;0;0;0;0;0;0;0;0;0;0;1;5;7;9;0;0;2;0;10;10;10;14;14;0;0;0;0;0;outside;1;1;0;0;BLE_CHANNEL_37;BLE_CHANNEL_37;BLE_CHANNEL_37;BLE_CHANNEL_37;UNKNOWN;UNKNOWN;UNKNOWN;UNKNOWN;UNKNOWN;0;0;0;0;0;0;0;0;0;0;
09:15:03:585;-72;-75;-97;-84;0;0;0;0;0;1.936383;0.04483235;-0.033003964;0.002519743729157753;0;0;0;0;0;0;0;0;0;0;1;5;7;9;0;0;2;0;10;10;10;14;14;0;0;0;0;0;outside;1;1;0;0;BLE_CHANNEL_37;BLE_CHANNEL_37;BLE_CHANNEL_37;BLE_CHANNEL_37;UNKNOWN;UNKNOWN;UNKNOWN;UNKNOWN;UNKNOWN;0;0;0;0;0;0;0;0;0;0;
09:15:03:705;-72;-75;-91;-84;0;0;0;0;0;1.9306583;0.04481024;-0.032987658;0.00220210503061935;0;0;0;0;0;0;0;0;0;0;1;5;7;9;0;0;2;0;10;10;10;14;14;0;0;0;0;0;outside;1;1;0;0;BLE_CHANNEL_37;BLE_CHANNEL_37;BLE_CHANNEL_37;BLE_CHANNEL_37;UNKNOWN;UNKNOWN;UNKNOWN;UNKNOWN;UNKNOWN;0;0;0;0;0;0;0;0;0;0;
09:15:03:824;-72;-76;-91;-85;0;0;0;0;0;1.9290179;0.045258705;-0.032955095;0.012359863033315932;0;0;0;0;0;0;0;0;0;0;1;5;7;9;0;0;2;0;10;10;10;14;14;0;0;0;0;0;outside;1;1;0;0;BLE_CHANNEL_37;BLE_CHANNEL_37;BLE_CHANNEL_37;BLE_CHANNEL_37;UNKNOWN;UNKNOWN;UNKNOWN;UNKNOWN;UNKNOWN;0;0;0;0;0;0;0;0;0;0;
09:15:03:947;-71;-76;-90;-85;0;0;0;0;0;1.9418657;0.045817506;-0.033992093;4.8764201483564307E-4;0;0;0;0;0;0;0;0;0;0;1;5;7;9;0;0;2;0;10;10;10;14;14;0;0;0;0;0;outside;1;1;0;0;BLE_CHANNEL_37;BLE_CHANNEL_37;BLE_CHANNEL_37;BLE_CHANNEL_37;UNKNOWN;UNKNOWN;UNKNOWN;UNKNOWN;UNKNOWN;0;0;0;0;0;0;0;0;0;0;
09:15:04:067;-72;-76;-85;-86;0;0;0;0;0;1.9394176;0.044786673;-0.03395853;0.0067975694924502506;0;0;0;0;0;0;0;0;0;0;1;5;7;9;0;0;2;0;10;10;10;14;14;0;0;0;0;0;outside;1;1;0;0;BLE_CHANNEL_37;BLE_CHANNEL_37;BLE_CHANNEL_37;BLE_CHANNEL_37;UNKNOWN;UNKNOWN;UNKNOWN;UNKNOWN;UNKNOWN;0;0;0;0;0;0;0;0;0;0;
09:15:04:190;-72;-77;-81;-86;0;0;0;0;0;1.9440652;0.046805605;-0.03300396;6.025173237400594E-4;0;0;0;0;0;0;0;0;0;0;1;5;7;9;0;0;2;0;10;10;10;14;14;0;0;0;0;0;outside;1;1;0;0;BLE_CHANNEL_37;BLE_CHANNEL_37;BLE_CHANNEL_37;BLE_CHANNEL_37;UNKNOWN;UNKNOWN;UNKNOWN;UNKNOWN;UNKNOWN;0;0;0;0;0;0;0;0;0;0;
09:15:04:308;-71;-78;-80;-84;0;0;0;0;0;1.9409066;0.045325696;-0.033003964;0.0015106888399234464;0;0;0;0;0;0;0;0;0;0;1;5;7;9;0;0;2;0;10;10;10;14;14;0;0;0;0;0;outside;1;1;0;0;BLE_CHANNEL_37;BLE_CHANNEL_37;BLE_CHANNEL_37;BLE_CHANNEL_37;UNKNOWN;UNKNOWN;UNKNOWN;UNKNOWN;UNKNOWN;0;0;0;0;0;0;0;0;0;0;
09:15:04:437;-71;-78;-80;-79;0;0;0;0;0;1.9419634;0.045301843;-0.033975303;0.0031510135361401126;0;0;0;0;0;0;0;0;0;0;1;5;7;9;0;0;2;0;10;10;10;14;14;0;0;0;0;0;outside;1;1;0;0;BLE_CHANNEL_37;BLE_CHANNEL_37;BLE_CHANNEL_37;BLE_CHANNEL_37;UNKNOWN;UNKNOWN;UNKNOWN;UNKNOWN;UNKNOWN;0;0;0;0;0;0;0;0;0;0;
09:15:04:557;-72;-74;-79;-79;0;0;0;0;0;1.9386914;0.04433751;-0.033992097;0.0010127371579677913;0;0;0;0;0;0;0;0;0;0;1;5;7;9;0;0;2;0;10;10;10;14;14;0;0;0;0;0;outside;1;1;0;0;BLE_CHANNEL_37;BLE_CHANNEL_37;BLE_CHANNEL_37;BLE_CHANNEL_37;UNKNOWN;UNKNOWN;UNKNOWN;UNKNOWN;UNKNOWN;0;0;0;0;0;0;0;0;0;0;
09:15:04:666;-71;-74;-81;-79;0;0;0;0;0;1.9402184;0.04528101;-0.032971367;0.007713454320183999;0;0;0;0;0;0;0;0;0;0;1;5;7;9;0;0;2;0;10;10;10;14;14;0;0;0;0;0;outside;1;1;0;0;BLE_CHANNEL_37;BLE_CHANNEL_37;BLE_CHANNEL_37;BLE_CHANNEL_37;UNKNOWN;UNKNOWN;UNKNOWN;UNKNOWN;UNKNOWN;0;0;0;0;0;0;0;0;0;0;
09:15:04:787;-72;-75;-90;-79;0;0;0;0;0;1.948443;0.044809505;-0.03348149;0.00382772266580389;0;0;0;0;0;0;0;0;0;0;1;5;7;9;0;0;2;0;10;10;10;14;14;0;0;0;0;0;outside;1;1;0;0;BLE_CHANNEL_37;BLE_CHANNEL_37;BLE_CHANNEL_37;BLE_CHANNEL_37;UNKNOWN;UNKNOWN;UNKNOWN;UNKNOWN;UNKNOWN;0;0;0;0;0;0;0;0;0;0;
09:15:04:904;-72;-75;-90;-79;0;0;0;0;0;1.9381266;0.04433825;-0.033498038;0.0011397112041624524;0;0;0;0;0;0;0;0;0;0;1;5;7;9;0;0;2;0;10;10;10;14;14;0;0;0;0;0;outside;1;1;0;0;BLE_CHANNEL_37;BLE_CHANNEL_37;BLE_CHANNEL_37;BLE_CHANNEL_37;UNKNOWN;UNKNOWN;UNKNOWN;UNKNOWN;UNKNOWN;0;0;0;0;0;0;0;0;0;0;
09:15:05:023;-72;-75;-90;-79;0;0;0;0;0;1.9511062;0.04577385;-0.032971367;0.007932539851225329;0;0;0;0;0;0;0;0;0;0;1;5;7;9;0;0;2;0;10;10;10;14;14;0;0;0;0;0;outside;1;1;0;0;BLE_CHANNEL_37;BLE_CHANNEL_37;BLE_CHANNEL_37;BLE_CHANNEL_37;UNKNOWN;UNKNOWN;UNKNOWN;UNKNOWN;UNKNOWN;0;0;0;0;0;0;0;0;0;0;
09:15:05:217;-72;-75;-90;-79;0;0;0;0;0;1.9366312;0.043823246;-0.033481486;0.0014808099514329598;0;0;0;0;0;0;0;0;0;0;1;5;7;9;0;0;2;0;10;10;10;14;14;0;0;0;0;0;outside;1;1;0;0;BLE_CHANNEL_37;BLE_CHANNEL_37;BLE_CHANNEL_37;BLE_CHANNEL_37;UNKNOWN;UNKNOWN;UNKNOWN;UNKNOWN;UNKNOWN;0;0;0;0;0;0;0;0;0;0;
09:15:05:335;-72;-78;-90;-79;0;0;0;0;0;1.9403836;0.045325696;-0.033003964;0.002741882382403915;0;0;0;0;0;0;0;0;0;0;1;5;7;9;0;0;2;0;10;10;10;14;14;0;0;0;0;0;outside;1;1;0;0;BLE_CHANNEL_37;BLE_CHANNEL_37;BLE_CHANNEL_37;BLE_CHANNEL_37;UNKNOWN;UNKNOWN;UNKNOWN;UNKNOWN;UNKNOWN;0;0;0;0;0;0;0;0;0;0;
